2,0,3,-0.012317690003437428,-0.024532785825142237,0.022149379139774002,0.10705734494115055,0.11252777239999641,0.10460507647667266,0.1291203907295303,0.34277500000000005,0.20426024390243891,0.086457142857142857,0.067911878453038629,4,0
2,3,0,0.014481822295972226,0.014481822295972226,0.082213176826959403,0.14628766230510851,0.088788784975524254,0.075069116623723398,0.050501245072544991,0.19227499999999997,-0.018953170731707443,-0.021771428571428584,0.021768232044198851,0,1
1,3,2,-0.036262988303150293,-0.076105487078134706,-0.067385485793042529,-0.054228008602349768,-0.028758123287616944,-0.076941048791884542,-0.092867115257137131,0.049100000000000144,-0.14833609756097541,-0.10284999999999986,-0.085053149171270673,4,0
1,1,1,-0.028799025019208307,-0.0092315084537073558,-0.037076169155826122,-0.011161731207289263,-0.012824579146743675,-0.040149425688650008,-0.04486236725996795,0.13742500000000035,0.28108048780487815,0.21791428571428589,0.17921582872928191,1,0
4,4,2,-0.0061076829548711619,0.0069602902833581642,0.020501890417250198,0.021089727616637546,0.023202269963518516,0.031049446455879932,0.028263979638724231,0.22735000000000039,0.18401560975609776,0.20287857142857138,0.16351803867403328,4,0
0,3,3,-0.017916779599099625,-0.035769904500973039,-0.040894443677208452,-0.062444031445889968,-0.054850014176353816,-0.051392316308039747,-0.043672341538871166,-0.41450000000000031,-0.037293902439024862,0.082171428571428409,0.047113232044198865,4,1
2,1,3,0.015517953452213219,0.01654284359382786,0.043653303594463809,0.052166908937594673,0.077771785489446979,0.099310970558455766,0.098542967458219569,0.71327499999999944,0.40536146341463336,0.47025714285714265,0.37935616022099417,4,1
3,0,5,0.026669274366037703,0.035044332433469813,0.060232524660892586,0.081421188970269245,0.080665684069441801,0.093710311259467077,0.092937544021298502,0.60037500000000144,0.36217951219512207,0.37887857142857179,0.34784223756906096,2,1
3,1,3,-0.0022584923560534128,-0.0016576973120272743,-0.01937694111534545,-0.034795373706103333,-0.042218965005561639,-0.040577953878064163,-0.046977460286688658,-0.44197500000000112,-0.078881707317073335,-0.069507142857143017,-0.099837099447514122,3,0
0,0,3,-0.01686231748652374,-0.019082726427428493,-0.018492062180179052,-0.035912518468864556,-0.051070960554132523,-0.058369372900209167,-0.056756033023342471,-0.38102499999999928,-0.066760487804877755,-0.082357142857142768,-0.10038309392265177,4,1
6,1,1,0.015345922191537908,-0.0013636313079069637,-0.010598790913558878,-0.0094832531662327382,-0.022250390949997589,-0.021054261334519583,-0.00036963802194663048,-0.42502499999999976,-0.039052682926828751,-0.10594999999999999,-0.054344696132596577,4,0
5,2,1,0.0088038253418406768,0.036570484904407535,0.0079684532270034077,0.06732626232579611,0.0090197666780690439,-0.001007704262692858,-0.0396881828240905,0.0025499999999993861,-0.22350707317073201,-0.17855714285714289,0.049349834254143472,4,1
2,2,5,0.017029702146599428,0.025983454011762334,0.054222971516285731,0.025133855758627813,0.085502510666447665,0.02620307276462781,0.016004836980461051,0.75822499999999948,-0.24615951219512211,-0.19595714285714294,0.01578977900552472,0,1
0,2,2,0.026382760885118033,0.019671762121332041,0.026714489289229624,0.076141997985032878,0.077381489841986464,0.047890775274496901,0.0082542090283116484,0.56404999999999994,-0.036370243902439196,0.00091428571428561355,-0.10745571823204429,4,1
1,4,2,0.026382760885118033,0.019671762121332041,0.026714489289229624,0.076141997985032878,0.077381489841986464,0.047890775274496901,0.0082542090283116484,0.56404999999999994,-0.036370243902439196,0.00091428571428561355,-0.10745571823204429,4,1
4,3,2,0.026382760885118033,0.019671762121332041,0.026714489289229624,0.076141997985032878,0.077381489841986464,0.047890775274496901,0.0082542090283116484,0.56404999999999994,-0.036370243902439196,0.00091428571428561355,-0.10745571823204429,4,1
3,1,3,-0.0077336846220442635,-0.011474529039157681,0.076248439625398082,0.054749656100293774,0.052392681691913981,0.026487829879927139,-0.0087772775488582123,1.1070250000000001,0.081591463414633969,-0.23667142857142867,-0.013293397790055702,4,0
2,0,0,-0.01224492813991951,-0.0082691462969493625,0.006614881285047643,-0.0013991590095001367,0.015856961612996774,0.048185003210589848,0.030465180263458895,0.56117499999999865,0.41734365853658445,0.3200357142857137,0.55699897790055219,1,0
3,2,2,0.0025693328311513532,-0.017468717109110014,-0.0096498713800703319,-0.013250761267306522,-0.035053884879692104,-0.055618067646538691,-0.062158362722423886,-0.78417500000000118,-0.56258073170731737,-0.6586642857142857,-0.43295762430939255,4,1
2,2,1,-0.021311223958119851,-0.028089110280891116,-0.013186151530356261,-0.010312989156560827,-0.021757932323479372,-0.04216791534789275,-0.018927629926453853,-0.0097500000000003695,-0.43759756097560953,-0.22395714285714316,-0.095758480662983425,4,0
3,2,5,-0.014371378233010769,-0.023326083559408455,-0.034872299868110267,-0.029404164698963755,-0.061054028893562755,-0.023809981039583959,-0.058991440249585393,-0.96157499999999985,-0.44978609756097604,-0.31261428571428546,-0.3758937292817679,2,0
1,2,2,-0.0037459102821462884,0.014407609119895193,0.011780601715044699,0.030727235232171645,0.042370737474193093,0.0440211305381761,0.046783430057836355,0.93777499999999847,0.68603975609756052,0.45169999999999938,0.33856146408839743,4,1
3,2,5,0.011418294661118588,0.025721291679233135,0.018672115660094628,0.014856261307907764,0.033348745323861936,0.030672686132908151,0.049973093382436315,0.45137499999999875,0.47907951219512146,0.4172928571428573,0.33057682320441961,2,1
7,1,0,-0.0041625245341693953,-0.005927382880435701,-0.0094057479147993291,-0.020202767519577579,-0.0063470868384741877,-0.004498748224262124,-0.0021544210328705796,-0.043124999999999858,0.25080487804878054,0.62880000000000025,0.47053345303867394,4,1
1,1,3,-0.0085038348648396687,-0.0083198812599470477,-0.0067641876022339125,0.0055966949679657789,0.0014108740536819637,-0.00036386166641006314,-0.0038616940488582613,0.19614999999999938,0.083556585365853697,0.27888571428571396,0.53250348066298359,3,1
2,1,4,-0.010340853070847561,-0.013776331468151373,-0.012705381184688398,-0.013990471756060177,-0.0040533123161582479,-0.014952382057141386,-0.031429109137880863,0.13542500000000146,-0.049877317073170196,0.095507142857143332,0.24020361878453048,4,0
1,2,3,0.0073566480967611481,0.0074569477780625226,0.007858346314016015,0.021783339725347458,0.034088882897065839,0.039179866836526196,0.041957612951427747,0.61020000000000252,0.59333609756097694,0.33029285714285805,0.17665008287292847,4,1
1,1,1,-0.012253492714678911,-0.022742918252928884,-0.031669183619081519,-0.034448650757663672,-0.032341518317137719,-0.012253492714678911,-0.020879670818505378,-0.48109999999999786,-0.06382804878048752,-0.20115714285714251,-0.14050825966850813,2,0
4,1,5,-0.032456199025208035,-0.033025380484435152,-0.021513881698453908,-0.029968105909482217,-0.012020158969539247,-0.010660582200931428,0.0034881075051197631,0.57982499999999959,0.49222219512194992,0.66803571428571373,0.5654551381215468,0,0
3,0,3,0.030363941816585468,0.0024105548629145333,-0.012331122773086416,-0.027892891932168148,-0.010208541990211492,-0.0055519750087793269,0.0025661814415137898,-1.213874999999998,-0.040005853658535685,-0.13183571428571383,-0.0199937845303866,4,0
2,0,0,0.013965843454533647,0.022698469092856593,0.017850239538102337,0.024369484001654538,0.052220524851328422,0.069669994453688183,0.065815060198933864,1.3830249999999964,1.1713207317073155,0.86554285714285584,0.70884276243093924,4,1
3,0,2,0.00427928464267858,0.0025635011323781676,0.063700222378227936,0.061251896768803479,0.058466689422536355,0.058553478168470834,0.059074509672612865,1.6123499999999993,0.95725048780487731,0.64969999999999983,0.62266400552486234,4,1
3,2,0,0.0088554706001757466,0.0065699786345275188,0.013812468464904366,0.017742855037445777,0.027429033210366726,0.037060309947746499,0.041498186205637375,0.58777500000000416,1.1483568292682942,0.88275000000000048,0.70859314917127136,0,1
4,1,5,0.00043149583763491233,0.0037498370113820787,0.0014390371533228633,-0.0022935863316816923,-0.0010046492367071609,-0.0041491212642284772,0.0017267558702023247,-0.049224999999999852,0.22008414634146264,0.24046428571428585,0.35465870165745722,0,1
0,0,4,-0.0063329668632279299,-0.03804220187198349,-0.0082253398507287686,0.0069442526227397787,0.0068552552353489515,0.025238633615137555,0.031609927271698215,0.3603999999999985,0.36880390243902361,0.27072857142857132,0.31272580110497239,1,1
3,3,2,-0.0024458268242605152,0.0034966981814943151,0.006886221247709547,-0.0029587358530967422,0.011816138507071623,0.014598520808621184,0.0085899159508951804,0.5411500000000018,0.22967585365853577,0.36147142857142811,0.14266464088397765,3,0
2,1,4,0.010161541102938189,0.0098683462826722294,0.013220771505024187,0.007528900616534745,0.027159798566012961,0.027463121298713686,0.029347361167217173,0.70965000000000344,0.15049073170731769,-0.19564285714285745,0.059472790055248505,4,1
4,2,2,-0.0024458268242605152,0.0034966981814943151,0.006886221247709547,-0.0029587358530967422,0.011816138507071623,0.014598520808621184,0.0085899159508951804,0.5411500000000018,0.22967585365853577,0.36147142857142811,0.14266464088397765,3,0
2,0,0,-0.0094383805474710144,-0.0053660792721704105,-0.0089568406729081604,-0.0066120567580641608,-0.021257361853164587,-0.0069574913048957455,-0.021190812365354587,-0.42994999999999806,-0.18985048780487823,-0.075542857142857703,-0.56559395027624348,3,1
1,2,2,-0.0024998377644791553,-0.0076676666140377131,-0.00027853538459778591,0.0,-0.001876050779005626,-0.0031917083252271574,-0.00097348971336449195,0.022150000000003445,0.32115024390244029,0.23414285714285857,0.27499878453038762,3,0
2,1,0,0.026113397816630707,0.033614876185749404,0.020468320807263775,0.034668766741772918,0.057957275188598105,0.095863972176825282,0.10287026317671309,1.2554000000000016,1.3030851219512203,0.78825714285714199,0.67938571823204363,4,1
3,1,3,-0.013999812083059294,-0.01990923923914862,-0.029470044413156281,-0.021661677094559403,-0.045039856898184003,-0.082070158970338675,-0.084315256398318203,-1.1589000000000027,-1.224960731707319,-0.67635000000000134,-0.44714179558011075,4,1
0,3,3,-0.0032977188104608528,-0.0053332692975097849,0.0028031565052483525,0.0060262353175209275,0.016232209147119838,0.042769485098652041,0.050392729033570866,0.83860000000000667,1.3664019512195136,1.3915000000000017,0.99621674033149177,4,0
3,6,3,-0.0032977188104608528,-0.0053332692975097849,0.0028031565052483525,0.0060262353175209275,0.016232209147119838,0.042769485098652041,0.050392729033570866,0.83860000000000667,1.3664019512195136,1.3915000000000017,0.99621674033149177,4,0
2,0,1,0.0081800522241371552,0.011420412751724373,0.021681109641013985,0.04836067489880648,0.056024793642915731,0.04259320635586749,0.05710153371563402,1.9649750000000026,1.9724951219512195,1.0668428571428572,0.97011055248618727,2,1
3,2,1,-0.0040141672096684188,-0.0050587629686366107,-0.017006880022505486,-0.016707310554323649,-0.012794398864968326,-0.01012783186834198,-0.0013005142772629771,-0.35727500000000134,0.18739024390243886,0.068050000000001526,0.082645856353591785,3,1
5,1,2,-0.0035130946128259107,0.00064181906907149209,0.0010267883122004511,0.0045074944313269446,0.0039258052634582562,0.016419273491956477,0.0098397140905879758,0.28780000000000427,0.35860073170731843,0.22400000000000173,-0.077689198895026693,3,1
3,3,0,-0.0055523737542074372,0.0063283209136249371,-0.0069451036784673008,-0.021957949375577469,-0.025877554258136384,-0.029089936171151461,-0.031072811590026606,-0.88892500000000041,-0.12365121951219332,0.61437857142857211,0.78524500000000064,4,1
4,1,1,0.0018338759118885059,-0.0018868427049084648,-0.0028270068141447524,-0.010114237883869625,-0.01472243027893089,-0.00094431223678171207,-0.021667787280921762,-0.70714999999999861,-0.64573731707317239,-0.0049785714285722604,-0.34374958563535907,3,1
0,2,3,0.0018364143243725156,8.3327310526011951e-05,0.0,0.0080649792204653559,0.0062891844165799942,0.0020873571757802204,0.0074717763349494617,0.12987499999999841,0.32075121951219554,0.21143571428571409,0.14865372928176784,4,1
5,1,1,0.0032140692730814177,0.013391514131917474,0.039854609884441977,0.047456544407150997,0.034133936746528343,0.048524548153448997,0.072124924990251124,1.2926000000000002,1.8807819512195125,0.97680714285714232,0.97666428176795572,1,1
3,2,3,-0.0022274896262627825,-0.0047217590280542203,-0.0098780765924600857,-0.0025054045761808297,-0.0022274896262627825,-0.0040993615216198308,-0.0054120884543054394,0.0,0.29824000000000106,0.25804285714285818,0.23154955801105101,4,0
2,0,2,-0.01081378008693986,-0.0080304574741814228,-0.0078558701526969185,-0.033026615546398061,-0.033026615546398061,-0.02936644042692629,-0.030422837578046029,-0.97854999999999848,-0.16657000000000097,0.1252142857142847,-0.043319337016573964,4,1
2,1,1,-0.019198238006814018,-0.023143503313830943,-0.012449207812068534,0.0024135470888027141,0.016353868441147085,-0.015892788380298728,-0.0098677183468902554,1.3968249999999998,0.64367512195121823,0.77962142857142724,0.58816734806629745,3,0
4,0,1,0.0,0.0037851870364973817,0.0026927090344097994,-0.0079926106482016892,0.005977881032203077,0.016200166618958473,0.015905219114937703,0.25894999999999868,0.59074463414634204,0.28172142857142796,0.017221381215468741,4,0
4,0,4,5.7386141591070393e-05,0.010569722358497225,0.029356501933571602,0.028328162230611943,0.022618499931930325,0.034835752845725418,0.0211863165284326,0.96112500000000267,0.035087317073170775,0.53030000000000099,0.92264651933701702,4,0
3,0,4,-0.0097789070957840941,-0.026783045259944009,-0.043092180230325287,-0.042729994824263075,-0.049974695319674134,-0.040371533978233794,-0.048606364252032797,-1.6101750000000052,-0.63262219512195339,-0.75210714285714375,-0.32799569060773576,4,1
0,5,1,-0.01081378008693986,-0.0080304574741814228,-0.0078558701526969185,-0.033026615546398061,-0.033026615546398061,-0.02936644042692629,-0.030422837578046029,-0.97854999999999848,-0.16657000000000097,0.1252142857142847,-0.043319337016573964,4,1
3,0,1,0.019122275669576742,0.029577633789296898,0.022827512218381286,0.030814512253724318,0.019424973268385472,-0.0067141286102911186,0.040438947496059273,0.012499999999995737,-0.68497560975609972,-0.82714285714285807,-0.44034806629834272,2,0
0,2,2,-0.013189954328266909,-0.028108391368258302,-0.032003347717097202,-0.035195528485793666,-0.037165934542809864,-0.029289901604191759,-0.026169972103867952,-1.0623749999999959,0.46416414634146425,1.1021357142857144,0.63228317679558022,2,0
1,2,0,-0.0076767028964288171,-0.0087901085865148883,-0.01459520681548206,-0.018791674894056549,-0.026182721288276534,-0.023131696141661353,-0.030724145691886345,-0.49484999999999957,-0.28053731707317087,-0.13859999999999978,0.13502864640884016,1,1
1,1,1,0.0012318975671346613,-0.013862995462811023,-0.021977783204135421,-0.014959513959086741,-0.015853828678281914,-0.0118630584068502,-0.0046983406286426575,-0.40974999999999895,-0.26914292682926849,0.063042857142856887,0.16535207182320441,1,1
0,4,3,0.0093685501135755984,0.015362874696009535,0.016320674305362673,0.008518682441222206,0.0073871052194985024,0.0014872638730257209,-0.0027776933942920325,-0.051175000000000637,-0.26828243902438942,-0.10098571428571392,-0.0434307182320436,4,1
3,1,3,0.0079918252384936373,0.027942717043699633,0.0071556350626117296,-0.0022596969284623173,0.032203070442830939,0.039605861613931079,-0.028702853805073463,0.54172499999999957,-0.0087970731707317593,-0.071228571428570878,-0.21330759668508281,3,0
1,0,2,0.011444395918529412,0.0072431615549018924,0.04463132428017854,0.046711809546201036,0.022159386643513759,0.012202376682158719,0.019075673765642547,0.23762499999999775,0.0077278048780484122,-0.25878571428571462,-0.64088602209944767,2,1
1,2,0,0.037119301626788684,0.03918482596632434,0.014808961388812393,0.0049235530371843734,0.011747423722862079,0.012510230588570209,0.0068638194772350468,-0.55040000000000333,-0.29255390243902574,-0.96443571428571517,-0.82370218232044246,0,1
4,2,3,-0.011042906634417354,-0.01326804354321753,-0.0019619792208564377,-0.0049298801120337254,-0.011503935513841343,-0.016929383631838386,-0.022671129141421095,-0.014249999999996987,-0.16990365853658596,-0.19008571428571383,-0.023629226519336202,4,0
0,5,1,-0.0029737352980403696,-0.0095607142156124824,-0.014996827875652739,-0.020749860716125359,-0.01954478882544251,-0.023862933822978303,-0.021952763841822591,-0.51322500000000204,-0.22009585365853779,-0.16225000000000023,0.060937375690606997,1,1
4,0,2,0.011458090769614475,0.0084502821426043536,0.001787829022697162,-0.003710572121093777,-0.0095295237340531046,-0.0083106440202629014,-0.012678266715136815,-0.64152500000000146,-0.48390341463414743,-0.17990000000000045,0.062193314917126534,2,0
5,2,3,-0.011042906634417354,-0.01326804354321753,-0.0019619792208564377,-0.0049298801120337254,-0.011503935513841343,-0.016929383631838386,-0.022671129141421095,-0.014249999999996987,-0.16990365853658596,-0.19008571428571383,-0.023629226519336202,4,0
1,2,3,0.0033871381548421209,0.0055608133612695693,0.01222696522170897,-0.020248313454872425,-0.043348865773348989,-0.051714235107383655,-0.056494125336422257,-1.3424499999999995,-0.92477951219512122,-0.94837857142857118,-0.4028883701657458,4,0
1,3,2,0.057355697000048445,0.0637127385863034,0.037160505931954101,-0.026275685019075224,-0.046256325067485546,-0.058454268289941741,-0.063758227257366365,-2.689899999999998,-1.2641563414634136,-0.75975714285714291,-0.94593632596685107,2,1
2,1,0,-0.0191953166226272,-0.032003153605929771,-0.014604469604289003,-0.025641793033271635,-0.030844944640233601,-0.018372047332167536,-0.019286811641662613,-0.30922500000000142,-0.39294682926829311,-0.56844285714285747,-0.45074726519337049,3,0
1,4,3,0.0043779815450429886,0.017136835927600593,0.049344175370936771,0.044886949086896451,0.061954222965759247,0.030936188084813413,0.027473746520420256,1.5436750000000004,-0.16347902439024464,-0.014271428571429315,0.014987320441988791,4,1
2,2,3,-0.027069135634696262,-0.047691666393454048,-0.040366397456663941,-0.057343881551374314,-0.06317430712466407,-0.087285968742817688,-0.082944623902765927,-1.0067750000000011,-1.066391219512195,-0.60474285714285769,-0.50480107734806634,4,0
0,0,4,0.0070341629455250888,0.0062479094862063437,0.021763708570642828,-0.031406526279135427,0.0038091144919533931,0.0072091546438273714,0.0093911096279844231,-0.088300000000000267,-0.54627731707317129,-0.59943571428571418,-0.6888085082872929,4,1
0,3,2,0.057355697000048445,0.0637127385863034,0.037160505931954101,-0.026275685019075224,-0.046256325067485546,-0.058454268289941741,-0.063758227257366365,-2.689899999999998,-1.2641563414634136,-0.75975714285714291,-0.94593632596685107,2,1
5,3,2,0.0069705089242210385,-0.019338573904225307,-0.023347463680246608,-0.013185311871396134,-0.025530257515175341,-0.032925614723595335,-0.022040569884541065,-0.9737000000000009,-0.15738878048780483,-0.20485000000000042,-0.34791314917127103,3,1
2,0,4,-0.0069105742823062383,0.011044203608164993,-0.0073892231726989301,-0.02792170289147515,-0.02377542657900579,-0.022308384094358674,-0.03850927490679068,-0.50872500000000187,-0.42176195121951271,-0.34107142857142897,-0.11295013812154693,4,1
2,2,1,0.014141524919624723,0.00717192979132978,0.0033991541036353184,0.021682869272293785,0.019037021154774399,0.038119538597268236,0.049846547219894649,0.1007499999999979,0.34669390243902404,0.34142142857142843,0.22328718232044192,1,1
0,2,0,-0.0027505380103284146,0.0011633393534110788,0.012594917366057789,0.026914553623475234,0.019857177020464536,0.016036883534742891,0.034550880585095145,0.47872500000000073,0.57898731707317064,0.55788571428571443,0.41942325966850796,4,1
5,1,3,0.0028522165420752908,0.0057079558120258899,0.0081160136777489126,0.00074393169850129595,0.013716249405721314,0.023381418538444786,0.019949624766036983,0.27457500000000223,0.39903073170731701,0.7711071428571431,0.42174759668508288,4,1
1,1,1,-0.0087331901861483416,-0.0087331901861483416,-0.011511032250084196,-0.0043349512425392041,-0.019850387248552714,-0.013584218215791657,-0.019850387248552714,-0.26517499999999927,-0.29028926829268187,-0.083142857142857254,0.070965966850828996,1,1
4,1,1,0.01824001246008871,0.066630011649116735,0.096930993924404796,0.081320553428327974,0.079182162884021273,0.078555461152034489,0.068905867560908052,0.9064249999999987,0.5983673170731707,0.48669285714285693,0.43534803867403321,2,1
1,3,1,-0.02357379164266226,-0.14421017144913154,-0.12855260362626506,-0.12023976775412779,-0.1249302447809184,-0.13082591091874166,-0.094747463763480769,-1.6787749999999999,-1.075013658536585,-0.84197142857142904,-0.44450502762430949,4,1
5,3,0,-0.02357379164266226,-0.14421017144913154,-0.12855260362626506,-0.12023976775412779,-0.1249302447809184,-0.13082591091874166,-0.094747463763480769,-1.6787749999999999,-1.075013658536585,-0.84197142857142904,-0.44450502762430949,4,1
4,2,0,-0.00078552488993983527,-0.013338795116169328,-0.010102541183677219,0.013172604948203626,0.00057968175945254314,-0.0065599633658273756,0.0031147764233435608,0.021625000000000227,0.20431829268292692,0.17339285714285729,-0.093458591160220678,4,0
6,2,3,0.0068086022401378137,0.0086015596196254256,0.012487670324106793,0.0050115584699150706,0.027443588376291312,0.024327780368219545,0.038008168642008067,0.28922500000000007,-0.13541634146341483,-0.045185714285714038,0.17910406077348065,4,1
1,1,0,-0.0074084797402809979,-0.0089507734228411271,0.0023932577273256435,-0.011517237144558051,-0.0064416062556435253,-0.0087610684621614032,0.018377301976079233,0.018150000000002109,0.43872902439024442,0.43342857142857127,0.31771292817679586,2,0
2,0,2,-0.0093478060330247567,-0.01244688912919456,-0.010282780736980961,-0.014326871595264606,0.00036053317508970159,0.0083164818656182634,-8.9661665155099017e-05,0.14202499999999851,0.13444146341463353,0.050721428571428362,-0.038478839779005632,2,0
2,3,0,-0.0038767099799167874,-0.030462188903936697,-0.083779580086941086,-0.069834808085864383,-0.091368012296739687,-0.10084538914230003,-0.103651918534125,-1.2213999999999992,-0.48694756097560971,-0.46785000000000004,-0.42011627071823204,4,1
0,0,1,-0.0053315401797790329,-0.012032986689554411,0.028976422275384828,-0.0034876445699914037,-0.039015502255144927,-0.044907979831114435,-0.033068755240719894,-0.56687499999999957,-0.33884585365853692,-0.11379999999999971,-0.16288110497237532,4,1
6,0,2,-0.0038767099799167874,-0.030462188903936697,-0.083779580086941086,-0.069834808085864383,-0.091368012296739687,-0.10084538914230003,-0.103651918534125,-1.2213999999999992,-0.48694756097560971,-0.46785000000000004,-0.42011627071823204,4,1
2,3,2,-0.0030325830472072912,0.010282394464510087,-0.023881288724953615,-0.047235894215902678,-0.043512961199432029,-0.051470600591164165,-0.059691820756288545,-0.59905000000000008,-0.20455170731707251,0.18742142857142849,0.30365834254143648,4,1
3,4,0,0.0097715293311632818,0.0089783286617210415,-0.0036976062127260729,-0.00042972913000952295,0.023072850774986105,0.010356875467931057,0.0031474650908953675,0.20589999999999975,-0.10397073170731704,0.30828571428571394,-0.14750165745856386,0,1
7,3,0,0.005134769243980028,0.0027882819872699352,0.030242853233252719,0.021276537733238229,0.040187726935066219,0.064680576498627698,0.08431806207699126,0.62790000000000035,0.72466097560975506,0.41802857142857064,0.31454005524861878,3,1
2,6,3,-0.014063705559406649,-0.002507221591087825,-0.012426336633127272,-0.019099024009894289,-0.025613187453010302,-0.029750301186395212,0.0074851704978515857,-0.21930000000000049,0.088432682926829445,-0.042685714285714278,-0.034091187845303662,3,0
2,3,0,-0.0099440469713087051,-0.016633506304949728,-0.023164043251299025,-0.027311555717488473,0.010017508201791843,0.018477728148634971,0.0068089850524404548,0.3650500000000001,0.081840487804878237,0.00065714285714234071,0.026676491712707036,0,0
1,4,0,-0.026688944220432706,-0.08021383588512758,-0.066214793657337123,-0.087831800735287457,-0.097346061610935938,-0.10016351344640945,-0.081806748160949724,-1.0201499999999992,-0.38560951219512157,-0.45555714285714288,-0.3412132596685083,3,0
4,4,3,-0.0038767099799167874,-0.030462188903936697,-0.083779580086941086,-0.069834808085864383,-0.091368012296739687,-0.10084538914230003,-0.103651918534125,-1.2213999999999992,-0.48694756097560971,-0.46785000000000004,-0.42011627071823204,4,1
1,2,3,-0.020838175975934927,-0.04006702412868629,-0.045127782879944199,-0.041676006436913875,-0.022243613046810065,-0.020838175975934927,-0.026030306069884428,-0.021024999999999849,0.24436146341463444,0.19873571428571424,0.076094281767956046,3,0
2,3,0,-0.020311950025421077,-0.02083414767619127,-0.016393442622950848,-0.029738147259375645,-0.021263672738703481,-0.033363093097780953,-0.036204840136970486,-0.013674999999999216,-0.18422439024390236,-0.12265000000000015,-0.057750552486187913,2,0
6,0,3,-0.013781362867821797,-0.014667390246888628,-0.016541877355281273,-0.041193129219172349,-0.03120134956410835,-0.017213780265624628,0.011838883801219502,-0.27144999999999975,0.20873219512195137,0.26980000000000004,-0.21401883977900552,4,0
2,7,5,0.029434537122367561,0.061300688033040382,0.084236636816183999,0.092038639572975214,0.09024147089488066,0.11064294117533051,0.13379314711270976,0.77617500000000028,0.11956975609756067,0.029028571428571275,0.010661685082872985,1,1
2,5,3,0.0064814627362612069,0.012790316843195638,0.024684017934717105,0.010377339317734526,0.020250271124420485,0.019448839142484388,0.006641361790675631,0.21664999999999957,0.10348170731707268,0.20822142857142825,0.16936737569060742,4,1
3,1,1,0.015587173420074657,0.011692803128742591,0.029485356259812891,0.023641579169961173,0.015418598627593358,0.021024386307279277,0.044152925928496255,-0.0022749999999991388,0.31817341463414656,-0.021121428571428322,-0.071297790055248375,3,1
5,1,0,-0.0092796650490056237,-0.007439806587908695,-0.0048479287339182721,-0.0033618593609403206,-0.0037356992762082619,0.0041355631425650076,0.011750575284532577,0.036550000000000082,0.068789024390243841,-0.0097571428571427022,-0.04087129834254135,3,0
0,0,5,0.00039112903225801249,-0.018141451078632784,-0.046832919047051953,-0.055677990294033738,-0.053924297775303394,-0.051453805127028754,-0.050037332720693779,-0.35594999999999999,-0.11633000000000017,-0.14070714285714278,-0.11266875690607724,1,1
2,1,2,-0.029221590014099828,-0.038230088495575236,-0.036443993624112457,-0.033927854562137962,-0.032485210499109685,-0.032848126217642763,-0.025206874602164274,-0.02194999999999947,0.053372926829268343,-0.0229928571428571,-0.042894226519336977,4,0
3,0,5,-0.00033686456290077214,-0.0090129262964560568,-0.010664823792523925,-0.020778194067301466,-0.02239113276826464,-0.010334885013548355,-0.0020177887697444053,-0.16072499999999934,-0.15745878048780487,-0.11445714285714281,-0.10128792817679549,2,1
1,1,2,-0.0021917747256107764,-0.0027409903147968327,0.017315501712833921,-0.042589192305228694,-0.11127791981290995,-0.089044296147321983,-0.094932461411927321,-0.55162500000000048,-0.21048390243902468,-0.17871428571428588,-0.28465262430939237,4,0
0,0,0,-0.0021917747256107764,-0.0027409903147968327,0.017315501712833921,-0.042589192305228694,-0.11127791981290995,-0.089044296147321983,-0.094932461411927321,-0.55162500000000048,-0.21048390243902468,-0.17871428571428588,-0.28465262430939237,4,0
3,3,5,0.01794722877022769,0.0094520733580269588,-0.003294883731302556,-0.005479436814027237,-0.0060268428017035067,0.013963565416638409,-0.045743749599675435,-0.10590000000000011,-0.24349292682926837,-0.15408571428571424,-0.1907962983425415,2,1
1,4,5,0.013057791358860935,0.0087953541080931785,0.0026619274225293645,-0.035467374514479309,-0.038980347330397132,-0.023325031889692028,-0.023688265162842528,-0.34377499999999994,-0.17037951219512176,-0.19226428571428578,-0.13759353591160223,1,1
6,4,5,-0.0089899087242038753,-0.0079997795065079643,-0.0073363119863201877,-0.005347445800113238,-0.006675383187693844,-0.0083277654173869765,-0.0036816608996538811,0.016924999999999635,0.036825365853658289,0.035235714285714384,0.014843895027624399,2,0
2,2,5,0.0080104442705653135,0.0037796278917596308,-0.004580595861668659,-0.040530642811880332,-0.034331955637646731,-0.048925035995284943,-0.026071556858715796,-0.25357499999999966,-0.087816341463414757,-0.053635714285714134,-0.084078370165745792,1,1
0,0,0,-0.036115477356332276,-0.029888265842810104,-0.044548498802876292,-0.021589855399343393,-0.010705959862152803,-0.017185172753781182,-0.018387760489781572,0.15605000000000047,0.058659756097561307,-0.012535714285714252,-0.03764436464088388,3,0
2,7,1,-0.0083287441995483456,-0.04414342498333515,-0.037968078321585587,-0.052506209951421592,-0.029738783215965372,-0.018945536860598647,-0.025370786045438236,-0.12922499999999992,-0.038930975609756113,-0.050849999999999999,-0.065801243093922657,4,0
2,0,3,0.0063477337369840453,0.0023709936287145024,-0.013612252223507374,-0.0078229368508466943,-0.010534106821364311,-0.016291918079017437,-0.015528345898781151,-0.10482499999999995,-0.047352682926829252,-0.016021428571428537,-0.081931602209944679,0,0
0,0,1,-0.0039516560478576003,-0.019834084473337822,-0.014081286331523992,-0.016775355071014193,-0.022496847816143153,-0.021738092015699477,-0.012536313118528335,-0.11702499999999993,-0.028637560975609787,-0.042492857142857075,-0.075031270718231902,4,0
2,6,2,0.02074217324398852,0.02334879861189694,0.00035397707998403204,-0.0046155313731389902,-0.0077826703922056787,-0.028406486362594626,-0.022648755165047427,-0.19102499999999978,-0.18630024390243896,-0.10432142857142855,-0.10672033149171264,4,1
5,2,1,-0.015945439317193756,-0.010169817906100645,-0.012874574914982981,-0.018618766730439544,-0.01785700069262549,-0.0086187152689881936,-0.0055018803129420375,-0.012199999999999989,-0.0057785365853658,-0.068264285714285736,-0.053831574585635353,3,0
7,2,0,-0.003706850276217327,0.0024880171141554233,0.010875904895872743,0.018973469996498415,0.01469663966112494,0.0062454909092461482,-0.030095545332598186,0.10727499999999957,-0.029051951219512397,-0.0027857142857143913,-0.024509392265193428,4,1
1,4,1,-0.003706850276217327,0.0024880171141554233,0.010875904895872743,0.018973469996498415,0.01469663966112494,0.0062454909092461482,-0.030095545332598186,0.10727499999999957,-0.029051951219512397,-0.0027857142857143913,-0.024509392265193428,4,1
5,4,0,0.0035860503752930405,0.0093767833232006499,0.021912997507741151,0.022658307731259424,0.019307186145229475,0.01782356215492472,0.0053868701541387723,0.10397499999999926,-0.013255853658536721,-0.026942857142857286,-0.065566574585635501,0,0
1,1,5,-0.012444820308313686,-0.035419151549676939,-0.042069904354436707,-0.0400843283846508,-0.023690858442255755,-0.015452322027553984,-0.032124726250317086,-0.078999999999999737,0.060987804878048578,0.067935714285714308,0.005304585635359133,2,0
1,2,2,0.00072578664105945267,-0.0075595108464953757,-0.019910254400705676,-0.042710910935858874,-0.049311387302653692,-0.047340821315947926,-0.031071277987394109,-0.35352500000000031,-0.033760487804878239,-0.0070142857142856075,0.012130193370165738,4,0
0,0,1,-0.0067567181328136204,-0.015072499914972849,-0.00056369461556614092,-0.0039496915915710968,-0.0039496915915710968,-0.0011324963208241511,-0.0067567181328136204,0.012324999999999697,-0.052559756097560875,-0.027435714285714292,-0.025838397790055239,3,1
1,0,0,-0.022413783533251574,-0.032467354102917727,-0.028785865147596602,-0.013244958903649073,-0.017039492777889544,-0.01487319468838459,0.0028071014542265264,0.024624999999999453,0.0062219512195121653,-0.119607142857143,-0.084165773480662925,4,0
3,1,0,-0.021788493004307605,-0.02241525452009268,-0.023666371156422703,-0.026466473252711016,-0.027397351235238145,-0.029871011541072676,-0.026776963837810034,-0.04317500000000063,-0.033213658536585373,-0.033585714285714427,-0.040114696132596731,4,0
2,1,0,-0.0013474582516027147,-0.00067418334275543945,-0.0010109342366216834,-0.0013474582516027147,-0.010014749057312504,-0.011664976593646207,-0.021768122916165346,-0.062374999999999403,-0.0097851219512193315,-0.11377142857142861,-0.095921132596685041,0,0
0,2,1,-0.0015907264725435687,-0.010254046426246425,-0.0039714026457028651,-0.0079073650762770953,-0.023726717983488178,-0.017996766519434944,-0.020680136027205427,-0.13897500000000029,-0.044624878048780452,-0.031350000000000024,-0.090122071823204489,2,0
5,1,0,0.02074217324398852,0.02334879861189694,0.00035397707998403204,-0.0046155313731389902,-0.0077826703922056787,-0.028406486362594626,-0.022648755165047427,-0.19102499999999978,-0.18630024390243896,-0.10432142857142855,-0.10672033149171264,4,1
1,1,0,0.020904793775621131,0.016105361399174893,0.014064756048156669,0.0093327497492770462,0.0053102752280980593,0.0029794622584323831,0.0029794622584323831,-0.11125000000000007,-0.057475609756097487,-0.037899999999999982,0.013025055248618737,4,0
3,0,2,-0.0034706245809614888,-0.0031561090435674581,-0.0094056996122068425,-0.0087839450276071211,-0.0069139894472410625,-0.0090787280630085683,-0.012766456225804431,-0.026374999999999815,0.063975365853658664,0.028514285714285745,0.027652182320441906,4,1
3,1,4,0.0053543494581159987,0.021114932953537821,0.013333777792593158,0.0056703145469703849,0.0018851880903572528,0.0044043256888161176,0.012368620868800747,-0.026174999999999393,0.064573902439024389,0.034014285714285872,0.053358480662983467,0,1
4,5,3,-0.0038979906420942086,-0.0022783789692299582,-0.0026020413389927178,0.0052415663438440101,-0.0013027155293264866,0.008549458062422164,0.035098039910553901,0.019050000000000011,0.23504195121951213,0.10680000000000003,0.092830303867403346,4,1
7,2,5,-0.0020725313506600469,-0.0051616771658094304,-0.0048201826177133303,-0.0020725313506600469,0.0024239953703871311,0.0010358588905768653,0.0052118500242707821,0.030949999999999811,0.012359268292682952,-0.044892857142857068,-0.027869834254143674,0,0
3,2,0,-0.0075647335372260168,-0.014008817842319166,-0.021694792182044065,-0.021694792182044065,-0.026314670747778737,-0.025658841629857584,-0.022689694163830949,-0.13332500000000014,-0.053566097560975884,-0.023807142857142947,-0.058726132596685118,0,0
5,2,1,-0.0057267521134442816,-0.0012783053323594108,0.0019236053860950575,0.00032178192669466202,0.00032178192669466202,-0.0012783053323594108,-0.0006395614435816164,0.044900000000000162,0.017291951219512301,0.019578571428571476,-0.028963287292817719,4,0
1,3,5,0.00096949037927424357,0.0081486140406353703,0.0055280405089262342,-0.0016139411479285746,-0.0070639451312169603,-0.0070639451312169603,-0.0041840716955615928,-0.058625000000000149,-0.0089404878048781299,0.0,-0.044231491712707127,2,0
4,1,1,-0.0088624886014480597,0.0076211680082205477,0.029014105927531328,0.059380516770983771,0.02756072928294262,0.028286904056292594,0.032303220786354059,0.24197500000000005,0.079782926829268394,0.08907857142857141,0.066735828729281785,3,1
2,3,1,-0.016260320985489681,-0.02196361992995138,-0.026420053791255185,-0.025828419299452759,-0.024938049110159906,-0.017466200987783998,-0.0092702801684673153,-0.068525000000000169,0.036295853658536631,0.074928571428571386,0.070287541436464082,4,0
0,0,2,-0.0051710693716740088,-0.001623437912938419,0.005882088504511036,0.0045689854642027329,0.0098035131569811536,0.018758230366198718,0.039591717118289141,0.10839999999999961,0.09313487804878029,0.071171428571428413,0.06614259668508278,2,0
5,0,0,-0.008239924101338789,-0.012794549200253238,0.0073666665476959034,-0.0009945987271968602,0.0066911819780360801,0.00066653194212513132,-0.017629041801538497,0.10552500000000009,-0.052483902439024566,-0.042878571428571481,-0.033475718232044274,3,0
0,0,2,0.025306385884860394,0.027797839366856144,0.020351920175661276,0.02070640094136976,0.055298934033678325,0.07174011955379124,0.061357509652659598,0.18935000000000013,0.085629756097561127,0.24148571428571433,0.19046704419889496,3,1
4,0,2,0.002429959977129738,-0.0048321806802396079,-0.0044864491305403823,0.029252278696122375,0.045287666504542044,0.035161317889077955,0.027054733807626265,0.27249999999999996,0.10361902439024401,0.23489285714285732,0.17728334254143654,2,1
1,1,2,0.0099840920441722197,0.018029692124828162,0.029251258270655403,0.029687986195581443,0.021028026460344535,0.017602795573675042,0.01251251715313577,0.058475000000000499,-0.00079146341463399148,-0.098307142857142635,-0.077634585635359021,3,1
3,1,4,-0.0088385703533318035,-0.015239193486389198,0.0061983839927447631,0.0081926452226862134,0.0081926452226862134,-0.0046340610551672164,0.0012435203706401337,0.12007500000000082,0.032962682926829502,0.027707142857142993,0.025420165745856555,4,1
0,0,4,-0.0095728702578642046,-0.0050013774980396533,-0.0011573138405374939,-0.0019259548994932571,0.018512894380618528,0.027414646528747314,0.025784998295856731,0.16340000000000021,0.11786292682926848,0.10987857142857139,0.10168433701657459,1,0
2,2,3,0.0093638653037992643,0.027117944812046716,0.045115300936857922,0.10050877066216689,0.11274421323156529,0.11142112696007525,0.14082279178177545,0.59580000000000055,0.30556707317073173,0.15967142857142871,0.16460784530386746,3,1
1,4,0,-0.025133861150519382,-0.05367812670756688,-0.076220543466005194,-0.095607059612714748,-0.10740414833438083,-0.11216974880278073,-0.10774437570421497,-0.50349999999999984,-0.20094902439024392,-0.13273571428571426,-0.11116867403314915,1,1
1,5,1,0.008160000000000037,0.012046257629296498,0.02057013281503085,-0.0011097019657576599,0.03980329383808047,0.03980329383808047,0.035020861394921075,2.3774999999999977,0.75173170731707517,-0.5978571428571432,-1.645160220994476,4,1
1,0,4,0.029377469715618297,0.0087605142040945595,0.016992000000000007,0.020912303244458693,0.029510851959831597,0.0076410906785035673,0.048912505363213281,0.010000000000005116,0.26070731707316985,-1.6278571428571402,-1.4509254143646391,1,1
1,3,1,0.028292373735918783,0.09518549203719058,0.11684450981005737,0.10337898414072401,0.065180410063568908,0.067123123841416152,0.037981678057292426,3.0049999999999955,2.1428780487804864,1.3792857142857144,1.7840580110497204,4,1
2,1,2,0.028292373735918783,0.09518549203719058,0.11684450981005737,0.10337898414072401,0.065180410063568908,0.067123123841416152,0.037981678057292426,3.0049999999999955,2.1428780487804864,1.3792857142857144,1.7840580110497204,4,1
2,0,2,0.014214940258394726,-0.042404231251337396,-0.1117350121944302,-0.13381820193025631,-0.13175329175329167,-0.15628703803469449,-0.13563484835941159,-12.980000000000004,-8.4169756097561006,-4.7507142857142854,-3.3508784530386748,4,1
3,5,0,-0.072400884805172788,-0.095461961782030466,-0.093305613305613377,-0.11892576231009598,-0.097359052901730359,-0.13351347055551149,-0.14698135350110839,-2.4375,-2.3399512195121961,-1.6664285714285703,-0.099933701657459004,2,0
5,2,3,-0.0558256137454523,-0.12418467472066252,-0.14595835292165601,-0.14392238392238396,-0.1681122723844414,-0.14774953776526759,-0.181885612863917,-11.037500000000009,-5.7490975609756116,-3.8264285714285751,-1.8414364640883982,3,0
2,0,4,-0.041906614785992259,-0.038126489315988978,-0.099740411685130356,-0.11233281661199034,-0.095507475296624275,-0.084476668525748283,-0.11985273091221048,-3.8075000000000045,-1.5483902439024413,0.40499999999999908,0.16552486187845356,0,0
2,1,3,0.012542372881355894,-0.016463615409944024,0.00060297467506367026,0.073302191879266898,0.074769717904432834,0.076862066479198188,0.076590376644440447,4.269999999999996,4.2984634146341456,2.3535714285714278,2.6469392265193372,3,1
2,4,3,0.012855708068296057,0.025559322033898376,-0.003819558775106909,0.01346643440975492,0.087100251527129025,0.088586643638457127,0.090705890835676775,5.0999999999999943,3.8249999999999971,2.6571428571428561,2.8966629834254141,4,1
5,0,2,-0.028646690813302567,-0.011791504756800153,0.060007186489399886,0.061456534254461653,0.063522964885716363,0.063254640475761445,0.091703056768558847,6.5799999999999983,5.4345365853658532,3.4264285714285712,3.0429419889502753,2,1
2,2,5,0.031478432663812984,0.026408912188728709,0.021955436661990731,0.01427877610490519,0.018599206607270501,-0.013509683514407244,-0.011205454373283708,-0.96000000000000796,-1.5598536585365856,-0.35714285714285715,-0.15172651933701803,2,1
2,3,0,0.046085073044840774,0.062239693013243537,0.057341158934227698,0.032993537817420586,0.033981688151961044,0.063982375550764067,0.088942192372271633,-0.63499999999999801,1.4991707317073186,1.7542857142857144,1.5770027624309393,2,1
1,2,0,0.014214940258394726,-0.042404231251337396,-0.1117350121944302,-0.13381820193025631,-0.13175329175329167,-0.15628703803469449,-0.13563484835941159,-12.980000000000004,-8.4169756097561006,-4.7507142857142854,-3.3508784530386748,4,1
2,7,1,0.014214940258394726,-0.042404231251337396,-0.1117350121944302,-0.13381820193025631,-0.13175329175329167,-0.15628703803469449,-0.13563484835941159,-12.980000000000004,-8.4169756097561006,-4.7507142857142854,-3.3508784530386748,4,1
2,2,4,-0.0084210526315789541,0.015496563805417137,-0.02354960966602955,-0.035052338423124905,-0.0036358828584650712,0.0091730833612320359,0.021830508474576262,0.36499999999999488,2.6080487804878039,2.9171428571428555,2.2323977900552485,0,1
6,1,1,0.0039793239251722963,0.026724282597751198,0.038840309024535093,0.029358569926393227,0.065943638660220336,0.065294040830540204,0.064645234262844145,3.5424999999999969,1.9178536585365855,1.7157142857142844,1.8475745856353587,4,1
3,2,3,0.024120738444953597,-0.015257037348968222,-0.026857453823745915,0.004825808157598927,0.017743555406762677,0.030508474576271188,0.00098781692459667882,-0.46500000000000341,1.8355609756097502,3.0042857142857127,1.8210580110497216,3,1
0,0,5,0.010799920734526848,-0.00013068051880154081,0.022689300274009293,-0.046810763672604873,-0.076855789822942,-0.043832791802049402,-0.046186929286003653,-7.1875,-3.769853658536586,-3.7835714285714306,-2.8073508287292821,1,0
0,8,5,0.010799920734526848,-0.00013068051880154081,0.022689300274009293,-0.046810763672604873,-0.076855789822942,-0.043832791802049402,-0.046186929286003653,-7.1875,-3.769853658536586,-3.7835714285714306,-2.8073508287292821,1,0
7,4,2,0.022822963309496708,-0.046686184128566122,-0.076735137091665906,-0.043707823044238973,-0.046062268208308756,-0.061562988625563482,-0.060612570586791065,-5.4025000000000034,-5.1348536585365885,-4.0221428571428577,-3.0910939226519338,4,1
0,3,2,-0.00030926675663521606,0.0027354765933445303,-5.6244551309040783e-05,0.036828599755059178,-0.0036707016364043998,0.00067542847493881489,0.0015774203543562218,-0.29999999999999716,1.5443902439024388,0.32785714285714512,-1.1985635359116023,4,1
3,0,0,0.019271645175003412,0.0355004030864908,0.058260997498896433,0.056644240091664869,0.054661153631858264,0.073261712921515829,0.10613889401488587,2.960000000000008,5.3062195121951232,2.5600000000000023,1.7301160220994489,2,1
5,2,5,0.0047296540915705747,-0.029702702702702727,-0.0017795078548588528,0.017457843276179587,0.03365772198548888,0.056377813741356385,0.054763933366630393,2.5,3.3946097560975619,3.3207142857142862,1.7681298342541434,0,1
0,4,3,0.0043621422339797126,0.0052674572547252319,0.025104842879301457,0.044944807191169223,0.046262093227792352,0.050883392226148329,0.046660996568612979,3.5574999999999903,0.63387804878049003,-1.7485714285714298,0.57927624309392256,4,1
1,1,3,0.0043621422339797126,0.0052674572547252319,0.025104842879301457,0.044944807191169223,0.046262093227792352,0.050883392226148329,0.046660996568612979,3.5574999999999903,0.63387804878049003,-1.7485714285714298,0.57927624309392256,4,1
2,4,5,0.010799920734526848,-0.00013068051880154081,0.022689300274009293,-0.046810763672604873,-0.076855789822942,-0.043832791802049402,-0.046186929286003653,-7.1875,-3.769853658536586,-3.7835714285714306,-2.8073508287292821,1,0
0,3,5,0.010799920734526848,-0.00013068051880154081,0.022689300274009293,-0.046810763672604873,-0.076855789822942,-0.043832791802049402,-0.046186929286003653,-7.1875,-3.769853658536586,-3.7835714285714306,-2.8073508287292821,1,0
5,0,4,-0.012056759514019952,-0.046258990658668342,-0.04451952400885005,-0.070612185546023054,-0.058981154299175581,-0.067003386663552461,-0.026887941534713716,-4.0324999999999989,-0.69973170731707091,-0.26785714285714285,-1.4789226519337004,1,1
3,1,2,-0.00907872288569345,0.01780517570485339,-0.0076880834706204836,0.0057202931263719914,-0.012927895120174773,-0.0059898539209095906,0.029140958709064954,-0.31999999999999318,0.26212195121951531,-2.4378571428571427,-2.2864392265193372,2,1
3,0,5,0.0013542409123307037,0.043642981837090963,0.043759286775631609,0.072115384615384748,0.091269224794158763,0.090041509873142869,0.11797238690168306,5.7800000000000011,3.2985121951219534,1.856428571428572,2.386372928176796,1,0
2,4,1,0.035342509096661971,0.044697018070365871,0.059547323770359241,0.00039744412852747653,-0.072032215983211328,-0.095102458449710978,-0.092945252945252868,-9.1424999999999983,-6.7033414634146355,-3.8392857142857144,-2.3784337016574573,1,1
2,1,1,-0.016393442622950755,0.01250242922847708,-0.007776543405808565,0.00032000000000007278,0.0041760359781561557,0.012633624878522948,-0.0088776157260620006,1.6274999999999977,1.5000731707317083,-0.23357142857142726,-0.37260220994474996,2,1
6,1,1,0.001742505247316929,-0.0059731991983338322,-0.0065197753426810608,0.016189940543146399,0.033588035794549088,0.037701017394158182,0.061209934552777207,1.9450000000000003,2.4429756097560968,1.8399999999999994,1.7319861878453027,4,0
0,0,0,0.012693375644585588,-0.0015643332029721688,-0.0021280291844001592,0.0088693743139407703,0.032302992182586025,-0.019082991803278684,-0.035876132930513525,1.0774999999999935,0.42946341463414434,1.2978571428571419,1.971734806629833,3,1
2,1,0,0.034034034034034003,0.047159416457314196,0.032416460261591312,0.031833579431946549,0.043205268935236019,0.067436427351963299,0.014301571038251342,0.50500000000000256,0.32741463414634303,1.7564285714285717,1.7514502762430935,4,1
1,3,5,0.038947821662034747,0.074618405603465748,0.11713455953533403,0.15515515515515518,0.16981797346731911,0.1533481075913615,0.15269695127247471,7.1450000000000031,2.5908048780487802,2.6521428571428567,2.7921187845303868,2,0
1,2,4,0.034333373820802419,0.075255692579654004,0.11185098141619876,0.12596412358411571,0.11011167600921221,0.10948493007904113,0.12171240395170142,4.2150000000000034,1.2004390243902443,2.2742857142857145,2.2037154696132606,1,1
4,5,1,0.022400803616273269,0.049494741183749198,0.035876036842908819,0.016580103875349545,0.010173192397399689,0.017291354322838622,0.012988305548644011,-0.60249999999999915,-0.93131707317073298,-0.51214285714285823,-0.32819060773480663,2,1
1,0,1,0.0049723756906077804,-0.017046571035566904,0.0049723756906077804,0.031604454526706516,0.018217902396824654,-0.00074910107870558172,-0.0070467966850279763,0.64750000000000085,0.24136585365853488,-0.35214285714285765,-0.43659116022099415,4,1
0,0,0,0.0099433845568295508,0.051984736607364142,0.069151347267690705,0.099042195185089277,0.08085539714867615,0.079426421234618141,-0.033377350758162248,3.447499999999998,-0.67597560975609838,-1.3692857142857153,-0.46116574585635406,3,1
3,1,2,0.038947821662034747,0.074618405603465748,0.11713455953533403,0.15515515515515518,0.16981797346731911,0.1533481075913615,0.15269695127247471,7.1450000000000031,2.5908048780487802,2.6521428571428567,2.7921187845303868,2,0
2,5,1,0.047330688383100242,0.01497470489038785,0.016757889046557131,-0.074600246002459999,-0.14178976786630931,-0.13263776804242561,-0.1767698872962031,-7.9150000000000063,-5.1620487804878046,-4.0214285714285722,-3.0467320441988961,3,1
1,3,1,-0.04955966930265996,-0.089488636363636326,-0.12518610421836232,-0.12140721050008303,-0.14605789027491828,-0.15882610251719886,-0.16635138330574606,-6.2875000000000014,-3.0434634146341444,-2.0928571428571439,-1.8633563535911593,3,0
2,1,0,-0.10450343791266344,-0.10487027765134271,-0.087297535619807867,-0.097600146836140086,-0.096646761598530057,-0.085132117603275076,-0.097351631706981259,0.47750000000000625,-1.5785609756097563,0.0035714285714293836,0.075104972375691831,2,0
2,1,1,-0.10450343791266344,-0.10487027765134271,-0.087297535619807867,-0.097600146836140086,-0.096646761598530057,-0.085132117603275076,-0.097351631706981259,0.47750000000000625,-1.5785609756097563,0.0035714285714293836,0.075104972375691831,2,0
1,0,4,0.026542649727767667,0.021306369340495637,0.01671684716667415,0.0071221900734475593,0.0065397277337841397,0.043684841775071495,0.047744743910345479,-1.0949999999999989,0.41090243902439044,1.9464285714285714,0.28731215469613275,0,1
0,0,4,0.034333373820802419,0.075255692579654004,0.11185098141619876,0.12596412358411571,0.11011167600921221,0.10948493007904113,0.12171240395170142,4.2150000000000034,1.2004390243902443,2.2742857142857145,2.2037154696132606,1,1
3,0,3,0.016753814961050127,0.013509201148813913,-0.0012055139158236269,-0.036261568805947442,-0.047057058558783803,-0.065928140777412825,-0.057753164556962056,-3.1375000000000028,-1.4828536585365875,-0.64928571428571458,-0.51735082872928306,4,1
3,0,2,0.023558384833418489,0.043140597622768451,0.07632170429004205,0.057563973306447788,0.061027888830017758,0.062717097645696648,0.054173047473200578,1.8999999999999986,0.16482926829268385,-1.8249999999999988,-1.9713204419889501,4,1
2,2,2,0.01030496416801799,0.046715803164968435,0.043887147335423066,0.023746422135057722,0.050073397488174735,0.050987647602981856,0.064425461559658295,1.8099999999999952,0.22831707317072938,0.22499999999999837,-0.54712154696132709,2,1
1,6,0,-0.039205955334987663,-0.035055657085894656,-0.062129102579629461,-0.076152224917485203,-0.084417119886498054,-0.077436263998093877,-0.08445320197044337,-2.9849999999999994,-0.71092682926829254,-0.42999999999999872,-0.73258563535911547,1,0
0,0,3,0.018125840163045741,0.027572322639940403,0.023005533527950858,0.020781705143254645,0.056327889503756605,0.064807256235827629,0.028157295498335864,2.0850000000000009,1.10448780487805,0.98785714285714377,0.95760497237569109,4,0
1,3,3,-0.089852398523985147,-0.15593452347002795,-0.1469333640765505,-0.19033811139074291,-0.24855285873870209,-0.2259937238493723,-0.2198734844491301,-8.5850000000000009,-3.8420487804878047,-3.0278571428571444,-2.5846077348066303,0,0
3,4,4,0.010585224068370126,0.030615405034729849,0.0305242203052421,0.0021510002151000217,0.010716765012148554,0.0060462103217446654,0.066498798214489993,0.0075000000000002842,2.2101341463414634,1.6464285714285702,1.4359986187845297,1,1
4,1,4,-0.047113717069947957,-0.095905974534769789,-0.11487419453820195,-0.094984117024197026,-0.050915073000205611,-0.048410374829903846,-0.031070243943401677,-0.24249999999999972,-0.12046341463414409,-1.712142857142855,-1.2205303867403323,4,0
1,2,3,0.0062542346380361109,0.0019720795059421634,-0.054736842105263188,-0.045200534098214798,-0.065760185812445582,-0.083303658333926903,-0.08475942166390138,-3.697499999999998,-3.0215243902439024,-2.1707142857142849,-0.81240193370165692,4,1
5,0,3,-0.012422066880785922,-0.0047598648198391167,-0.018495047645871461,-0.083340640070144634,-0.078939253777366589,-0.055216664407392341,-0.035918480265584619,-3.822499999999998,-1.0372195121951215,-2.5607142857142855,-2.3529254143646421,4,0
6,3,3,-0.012422066880785922,-0.0047598648198391167,-0.018495047645871461,-0.083340640070144634,-0.078939253777366589,-0.055216664407392341,-0.035918480265584619,-3.822499999999998,-1.0372195121951215,-2.5607142857142855,-2.3529254143646421,4,0
4,2,2,0.0077585796563377383,-0.0061493686335258053,-0.071810609381850049,-0.067353861063389239,-0.043332881478469129,-0.023791958686831413,-0.034344355758266824,-2.8049999999999997,-1.860878048780487,-2.1278571428571422,-2.7659640883977898,3,1
5,2,0,-0.066067514248136755,-0.061583190167833972,-0.037413582757218386,-0.017751752120988538,-0.028369441277080954,-0.011828555524631279,-0.034709320766686286,2.2124999999999986,-1.2252682926829286,-1.3250000000000008,-1.6898535911602215,1,0
5,0,0,0.018177941254864313,0.011813317794140963,0.0022563887285512244,0.032432432432432434,0.0031249179380793512,-0.016984045290787498,-0.05314297045409478,-0.70374999999999943,-0.92247560975609721,-0.24857142857142783,-0.68161740331491694,3,1
1,0,3,0.018177941254864313,0.011813317794140963,0.0022563887285512244,0.032432432432432434,0.0031249179380793512,-0.016984045290787498,-0.05314297045409478,-0.70374999999999943,-0.92247560975609721,-0.24857142857142783,-0.68161740331491694,3,1
2,0,2,0.032057695514423869,-0.0033413848631240438,0.0037299817555239709,-0.003461739725476044,-0.036355143824685805,-0.059098510185466746,-0.051673944687045156,-4.2575000000000074,-2.3927073170731727,-0.74000000000000099,-0.35668232044198872,4,0
0,1,5,0.011916859122401905,-0.027737096702613942,-0.057152694095369258,-0.054752556413685968,-0.054181237318136607,0.051499880009599319,0.024743907572851959,-3.7824999999999989,0.2813414634146334,0.45785714285714263,-0.02554972375690583,2,0
1,0,3,-0.026596683133380386,-0.048585963097085745,-0.086018388138822205,-0.10343286613853345,-0.10857535242557659,-0.079998332499583116,-0.11155394524959746,-5.2124999999999986,-3.3525121951219528,-2.4214285714285717,-1.3051353591160226,4,0
0,3,0,-0.078207073654721584,-0.086277383523603743,-0.087298223985822695,-0.090975366433888455,-0.071705654167156505,-0.05771219473391135,-0.013861138861138912,0.44999999999999574,1.1429512195121936,-0.16500000000000017,-1.091088397790055,4,0
4,1,1,0.0024102838778789328,0.006530674964465401,0.0078858285890137381,0.010373283973469065,0.05593841937693949,0.038115614723245789,0.052544469310862686,3.3125,3.0182924390243873,2.7007142857142861,2.1933402762430929,4,0
2,6,4,-0.0090003829950210425,-0.013534121235226855,-0.045599151643690293,-0.034334763948497916,-0.074694917527155721,-0.093218854038899596,-0.097252507631923293,-3.7075000000000031,-3.8430487804878046,-2.8450000000000006,-2.2854668508287292,4,0
1,3,2,0.017248124044240629,0.0067577080106997599,0.060585836114201083,0.084059728643977885,0.086571699905033314,0.092840223122182361,0.089468672633784066,4.4849999999999994,2.872829268292683,1.4914285714285711,1.7149756629834252,3,1
1,1,3,0.0075528242095351085,0.032152006388914821,0.01915061394615291,0.01466165030230732,0.031360437761034698,0.017233801146875751,-0.01494649945064193,5.7000000000000171,-2.329609756097561,-0.57642857142856685,1.3862430939226531,0,1
1,0,5,0.0097119656655819484,0.0070942653014058497,0.014700671249658282,0.039474366553616129,0.026380738783577572,0.021859929240714174,0.038677182327885556,4.0300000000000011,-1.5457560975609779,-0.14499999999999805,1.0582734806629885,2,1
1,1,4,-0.012237093690248644,0.00093001627528475482,-0.026181300268096518,-0.027997290584782134,-0.019940978077571746,0.0053539302518681034,0.020061606508174623,-2.3125,4.2520000000000024,3.4014285714285637,4.2978204419889492,4,0
3,1,3,-0.012237093690248644,0.00093001627528475482,-0.026181300268096518,-0.027997290584782134,-0.019940978077571746,0.0053539302518681034,0.020061606508174623,-2.3125,4.2520000000000024,3.4014285714285637,4.2978204419889492,4,0
1,1,1,-0.0023482894618001866,0.015703543258817284,0.030037093064218673,0.023399217624047786,0.04243650777006483,0.026993801652892557,0.018648878505630573,10.702500000000015,0.71670731707317603,0.092857142857147731,1.6493563535911633,1,1
2,2,4,-0.031626210736833839,-0.055659655831739985,-0.061759118541033421,-0.050092800061546081,-0.049251648298763245,-0.036941706396794387,-0.039778361038203626,-4.7275000000000205,0.70002439024390295,1.6835714285714241,2.6569337016574557,0,0
1,2,3,-0.00092793071450671366,0.0087750229198359057,0.0061597516002291023,0.013759099330775144,0.038509806361948618,0.025428328571282195,0.02091171402644806,9.5150000000000148,-0.37053658536584827,0.44857142857142662,1.1443259668508297,3,0
0,0,0,0.0058157266503307209,0.018964415086298692,0.017674161248789639,0.001361114019474353,-0.0085523246773441149,-0.017272736613886067,-0.013878291712205922,-3.4449999999999932,-4.366268292682931,-2.0428571428571445,-0.93991436464088529,3,1
4,1,1,0.0051756587202008006,0.01102148558688361,0.024238227146814405,0.022941295395779972,0.0065438174013192334,-0.0034209298709375986,-0.012186475683562657,0.32499999999998863,-3.0757560975609781,-0.6785714285714286,-1.2782044198895059,4,0
0,1,3,0.010823836537978786,0.012175504212664147,0.010063208588341499,0.010996404828375791,0.013438965954619604,0.026908757076554286,0.036220845255985401,0.64250000000001251,4.0014146341463412,3.4521428571428601,3.0710000000000042,4,1
3,4,3,0.010823836537978786,0.012175504212664147,0.010063208588341499,0.010996404828375791,0.013438965954619604,0.026908757076554286,0.036220845255985401,0.64250000000001251,4.0014146341463412,3.4521428571428601,3.0710000000000042,4,1
1,1,0,0.00092389885316040976,0.0033421248666170547,0.016677717141837124,0.025897029458385741,0.026816528789392984,0.038402233705617614,0.039864787321724833,6.2775000000000034,4.3203658536585312,3.3385714285714294,2.5712955801104953,1,1
0,5,0,-0.014020740241126282,-0.010818263326171878,-0.0061949760358951389,0.00095004964223366719,-0.0045030474309645917,-0.0069207384385454257,-0.015083629503613064,2.8349999999999795,1.310682926829253,1.8792857142857105,0.55825690607734535,4,1
1,3,1,-0.018002821566582738,-0.022559374809206868,-0.023116037831790812,-0.0076653684438888411,0.0038143209463696978,-0.021832771560371014,-0.029570435625959731,5.3149999999999977,-0.91597560975609915,-4.8442857142857179,-2.6424640883977952,3,0
1,1,1,0.13216375471756334,0.13160518444666011,0.12813812890665036,0.13934595881196327,0.12009237875288692,0.11589179108259599,0.10426278836509534,-2.6200000000000045,-3.3379756097561106,-1.2250000000000065,0.49251104972375309,4,1
1,2,5,-0.0014475969889981807,-0.0064545168114505521,0.0024796766428993307,0.13497115473607368,0.13441119939151627,0.13093554667486432,0.14217116837421104,33.092500000000001,12.714292682926828,7.8771428571428554,7.507030386740329,2,1
2,1,5,-0.0014475969889981807,-0.0064545168114505521,0.0024796766428993307,0.13497115473607368,0.13441119939151627,0.13093554667486432,0.14217116837421104,33.092500000000001,12.714292682926828,7.8771428571428554,7.507030386740329,2,1
4,2,4,-0.0050141783319079414,0.0039329669830600184,0.13661651738428476,0.13605575027494837,0.13257505891997132,0.14382696885025356,0.12449766509649918,33.737499999999983,12.444658536585354,8.8321428571428466,8.2708922651933641,1,0
1,4,0,-0.014540607676229228,-0.0008702061876779037,-0.018159319100988017,-0.027706378145735011,-0.025337061819634479,-0.026241481496263399,-0.016784372197987167,-2.7424999999999784,2.5407317073170779,-1.4242857142857102,-0.29028729281767846,3,0
1,0,2,-0.024818355640535406,-0.031117021276595738,-0.019069691403733092,-0.018201068386351684,-0.0054890949330682467,-0.0084183921454263448,-0.0066512801036157721,5.0824999999999818,4.7132682926829306,4.8028571428571434,3.7090635359116053,4,0
2,2,0,0.13216375471756334,0.13160518444666011,0.12813812890665036,0.13934595881196327,0.12009237875288692,0.11589179108259599,0.10426278836509534,-2.6200000000000045,-3.3379756097561106,-1.2250000000000065,0.49251104972375309,4,1
2,0,3,-0.014020740241126282,-0.010818263326171878,-0.0061949760358951389,0.00095004964223366719,-0.0045030474309645917,-0.0069207384385454257,-0.015083629503613064,2.8349999999999795,1.310682926829253,1.8792857142857105,0.55825690607734535,4,1
0,2,4,-0.014814049586776892,-0.02281925957804349,-0.037028061353286353,-0.023669608304838351,-0.040564196462705537,-0.049893398688903544,-0.047578148407070794,-6.4950000000000045,-3.1874390243902369,0.220714285714288,-2.2730082872928192,0,0
3,1,2,-0.0081255827774532503,-0.022548039542374804,-0.0089887180327197242,-0.026137346827904001,-0.035606830454101672,-0.033256766203934841,-0.034153836943615755,-6.9525000000000148,-1.540634146341473,-0.16999999999999968,-1.6163591160221027,4,0
2,0,0,0.025809576529200039,0.040816505629711529,0.052996066802212582,0.049668991397316425,0.042829885077684704,0.052640921637717511,0.043242672671616134,4.7175000000000296,3.1865609756097588,4.4242857142857179,9.3598259668508348,4,1
1,1,3,0.011639318072894004,0.013976576081983614,0.0356775700934579,0.046904891240169,0.048402928063764561,0.046213033113833187,0.045374148055562127,7.6825000000000045,2.8721707317073313,1.7057142857142853,1.4449198895027646,4,1
2,1,4,0.015816279093792233,0.027567612757597289,0.0013136322440707973,-0.0066071284247960042,-0.0090398782589416471,-0.0043338261204156486,-0.0036679771410043417,-6.0699999999999932,-2.319926829268292,-5.0685714285714312,-2.3099613259668472,0,1
1,1,1,-0.0073894239698584956,0.0032179777691370339,0.015802978671409351,0.014370737923835119,0.027619832440598836,0.031046742365781182,0.045540929543612579,6.4199999999999875,6.7719999999999985,2.8407142857142844,2.1051243093922629,1,0
2,2,3,-0.0040107993042754839,0.0034130139135893052,0.010495680573114237,0.03645622281654376,0.03184293686546099,0.022329696097632454,0.0063080312647537887,6.6924999999999955,-0.7381463414634204,1.7092857142857107,-0.0047513812154722007,3,0
2,2,1,-0.0090399285094479153,-0.0081021519315530206,0.0059953457184553378,-0.0015528355560195926,-0.0070724111082274138,-0.00787064650813004,-0.0011096605744125624,0.38249999999999318,0.45812195121950428,0.12214285714285975,1.1209999999999973,3,0
0,0,4,0.036780424202913914,0.1359634551495017,0.12740491616796076,0.10856244326287127,0.092063238581922668,0.10209508460918618,0.083755942947702097,8.3474999999999966,3.1866341463414671,4.5471428571428634,3.5516077348066291,0,1
1,1,5,-0.00062563308109407243,-0.018936901367258969,0.017147015570278423,0.11445182724252488,0.10605536046952524,0.087569705615354654,0.071382944746087404,16.1875,4.6231707317073214,4.0357142857142856,3.7090552486187853,2,1
0,1,5,-0.0183227315931856,0.017783774769174816,0.11514950166112965,0.10674777849217731,0.088250551160679633,0.072053656978601083,0.081901692183722882,16.742500000000007,6.7537073170731743,5.7628571428571478,5.2174475138121572,1,0
4,1,1,-0.051371034752431648,-0.056249164225191141,-0.070475825570535583,-0.073703301554725598,-0.052100758251016448,-0.041958732352650803,-0.05059374579608409,-0.15749999999999886,-0.52482926829268639,-1.5049999999999955,-1.0022624309392227,4,0
1,2,0,-0.051371034752431648,-0.056249164225191141,-0.070475825570535583,-0.073703301554725598,-0.052100758251016448,-0.041958732352650803,-0.05059374579608409,-0.15749999999999886,-0.52482926829268639,-1.5049999999999955,-1.0022624309392227,4,0
3,1,1,0.0082379984321227888,0.030054162650847718,0.031566497641349001,0.025959627371182018,0.018728351636549057,0.019316792713888472,0.017553505337123743,1.9375,1.9559756097560932,0.48571428571429059,1.9127734806629835,4,1
0,0,4,0.011768426878928933,0.02010337359322889,0.042176279745340592,0.043706412539594036,0.038033558226632951,0.030717181752275589,0.031312547855406228,4.7999999999999829,2.5936097560975488,0.35928571428571232,1.7431629834254134,0,0
2,2,5,0.0010423709713770694,-0.01012633543660243,-0.0036033257154074422,0.010795511115536031,0.045472600220669318,0.054469916165887561,0.078244245854132116,7.5424999999999898,3.0707073170731625,5.9799999999999942,3.9997265193370128,0,0
3,0,2,-0.0077711818672422973,-0.0096818065523880548,-0.017067400863393943,-0.024330706572209291,-0.01390434561081226,-0.0015341379638051989,-0.0029419340844076937,-1.152499999999975,2.5853414634146401,1.3657142857142861,1.2742292817679588,4,1
1,0,1,0.014450908159927131,0.049253401986024299,0.058283255434379358,0.082143561577326288,0.063094350871963092,0.062429243877733367,0.042962638005410538,8.0425000000000182,10.440512195121952,5.0057142857142889,4.7193453038674038,2,1
3,0,4,0.022546237994811046,0.0045461320614101483,0.0039176547697074354,-0.014476858960298277,0.021771100228930113,0.11951827242524925,0.1110836342054503,-0.125,4.1892682926829323,2.3714285714285745,3.3675966850828738,4,1
1,2,5,0.021209770258771767,0.012857586099906936,0.01417919721635388,0.03339073619165802,0.045999846197226406,0.052909302025545078,0.04828392334172537,4.7349999999999852,4.1283414634146327,0.73499999999999743,1.5012955801104975,1,1
3,5,1,0.016325292606337385,0.028250117332755655,0.031788871178090046,0.018214643214643108,-0.0080798230797359885,-0.012807181726803207,-0.0065228386556673863,-3.4474999999999909,0.015975609756096895,-1.4092857142857156,0.2978646408839804,2,1
0,0,2,-0.0026495259368391256,-0.0058387417689138091,0.0064745872450631004,0.003214857661878171,0.0025319176887891042,0.012520354622760986,0.012923544743701035,1.0875000000000057,3.8539268292682891,4.5099999999999989,4.2768535911602195,4,0
2,3,0,-0.0014099591925271669,0.011633017442659013,0.015006614485723874,0.029275313713982346,0.029304080491894952,0.040426583798290845,0.065392848877574683,5.5024999999999977,3.1779024390243871,1.6678571428571445,0.66257182320441954,3,1
1,0,5,0.0016401576756623407,-0.002073492255300438,0.010132881129767545,0.0054510992127728038,0.020344265977760317,0.016533549677581864,0.025947624761770306,3.3249999999999886,2.5115609756097572,1.1157142857142861,2.6690580110497191,0,1
8,0,2,0.015836628249347968,0.04731238751924368,0.037459458298429879,0.060232236538841445,0.089062253387747745,0.11192707014434035,0.12406329997672796,7.9925000000000068,4.3651707317073205,2.5271428571428567,1.9759530386740347,4,1
2,2,3,0.0037588304181935123,0.10209880127753113,0.088352755647490094,0.088954918032786823,0.088731817250563297,0.10020496470052376,0.11762850172457295,10.329999999999984,8.3692926829268259,6.6699999999999964,4.9314088397790021,0,0
0,0,1,0.097971711808867962,0.084277141745345771,0.08487704918032779,0.084654783855767121,0.096084967184944345,0.11344325733995107,0.14794336390641594,-0.20749999999999602,3.9944390243902452,3.1764285714285734,2.2466906077348052,4,1
0,0,4,-0.01012400971001674,-0.0064032337274753251,0.090941142311999595,0.077334261781391425,0.0779303278688524,0.077709485761114416,0.089066478954887021,10.852499999999992,7.4513902439024378,6.7635714285714243,5.4253011049723723,1,1
1,1,3,0.0037588304181935123,0.10209880127753113,0.088352755647490094,0.088954918032786823,0.088731817250563297,0.10020496470052376,0.11762850172457295,10.329999999999984,8.3692926829268259,6.6699999999999964,4.9314088397790021,0,0
1,1,3,0.0037588304181935123,0.10209880127753113,0.088352755647490094,0.088954918032786823,0.088731817250563297,0.10020496470052376,0.11762850172457295,10.329999999999984,8.3692926829268259,6.6699999999999964,4.9314088397790021,0,0
1,2,3,0.0280371195667505,0.16899736994034273,0.19926952058175118,0.18816625916870425,0.17700058128269713,0.1667146835686163,0.1744972931167828,11.217499999999987,7.3417804878048747,4.1142857142857121,2.5738812154696125,0,1
4,1,0,0.13711591506831741,0.16656246915205142,0.15576202118989396,0.14490085900665228,0.1348954832100899,0.14246584171178131,0.19269974768713194,-0.15250000000000341,2.6629512195121934,0.80857142857142805,0.13321270718231812,4,1
6,3,1,0.13711591506831741,0.16656246915205142,0.15576202118989396,0.14490085900665228,0.1348954832100899,0.14246584171178131,0.19269974768713194,-0.15250000000000341,2.6629512195121934,0.80857142857142805,0.13321270718231812,4,1
1,2,4,0.0280371195667505,0.16899736994034273,0.19926952058175118,0.18816625916870425,0.17700058128269713,0.1667146835686163,0.1744972931167828,11.217499999999987,7.3417804878048747,4.1142857142857121,2.5738812154696125,0,1
3,1,0,0.014646346510247021,0.0054022250748822793,-0.016121434179534169,-0.012001541803910616,0.0026136121186258331,0.03502009801222386,0.027345600291492061,-1.6675000000000182,2.2493170731707339,2.5035714285714255,1.185839779005524,3,1
2,4,5,0.003943412037265206,0.019998998380715522,0.083523966590413404,0.099393634057253918,0.089377406931964054,0.066056006281078272,0.070520008409839519,11.932500000000005,6.7956585365853703,5.0807142857142855,5.9208977900552489,1,1
2,1,0,0.14131131567476093,0.14186762442278095,0.13783935784038043,0.14271777361300103,0.18516348918947709,0.15298932753082581,0.16077715477898041,3.6075000000000017,0.82402439024390439,1.2671428571428578,1.1812306629834248,4,1
2,0,3,0.015836628249347968,0.04731238751924368,0.037459458298429879,0.060232236538841445,0.089062253387747745,0.11192707014434035,0.12406329997672796,7.9925000000000068,4.3651707317073205,2.5271428571428567,1.9759530386740347,4,1
1,1,1,-0.0044915029599740149,0.016862214199759383,0.0040846032736238597,0.0009920928717386192,0.0072413022424197481,-0.0043888717065052769,0.011309746428304204,1.977499999999992,3.7605853658536579,1.3842857142857139,2.7766795580110495,2,0
4,4,3,0.015313563441905577,0.025433298964010351,0.029477004978557601,0.045940937849523369,0.11108155556737775,0.12735484103136185,0.11708386820710305,13.297500000000014,6.1822926829268274,5.99571428571429,5.1034530386740329,3,1
5,2,3,-0.014693327342170343,0.12454165491422856,0.1250897896357106,0.12112071169282682,0.12592744730558911,0.16774949408882736,0.13604807791938653,13.897500000000008,7.4207317073170742,4.8614285714285712,4.0448908839779012,0,0
0,0,1,-0.01443765624768863,-0.018864312431891066,0.0021811070998797315,-0.010412025072037536,-0.013459886871797956,-0.0073009014378305559,-0.018763162933180179,0.16749999999998977,1.3342195121951212,0.19714285714285648,1.8164861878453014,3,0
3,0,5,-0.01012400971001674,-0.0064032337274753251,0.090941142311999595,0.077334261781391425,0.0779303278688524,0.077709485761114416,0.089066478954887021,10.852499999999992,7.4513902439024378,6.7635714285714243,5.4253011049723723,1,1
3,1,5,-0.0050236267445329524,-0.062288242169583841,-0.080224070123499913,-0.086718446042336209,-0.06132997630331765,-0.043754432022209147,-0.045065541660388848,-9.5525000000000091,-3.4280731707317056,-0.22571428571428345,-1.9382983425414357,1,0
0,7,1,-0.083402516124912202,-0.082787487618621661,-0.089652110487425815,-0.062538780575422032,-0.054604136477407403,-0.052169319157366473,-0.06180344478216826,2.3850000000000051,0.2855853658536614,-0.68285714285714305,-0.50592265193370045,4,0
0,1,5,0.019381315308480005,0.029715042151466496,-0.056165783255635836,-0.05553247915135652,-0.062601084578061114,-0.034682080924855509,-0.026511658543011501,-6.3399999999999892,-2.1448780487804848,-1.9292857142857136,-1.7311712707182303,1,1
1,5,4,-0.0058965683905269559,-0.0057363841443765053,-0.011280605050634657,-0.0018441230709501867,0.018117018117018147,0.007297125226504584,0.0064591896652964088,1.8300000000000125,1.2394024390243941,0.32214285714286056,-0.28756767955800988,4,0
3,5,2,0.0013586097946287736,-0.028745671294168107,-0.027822085889570532,-0.064109378691235466,-0.049884581946817719,-0.054053247373447987,-0.055744249791443157,-4.2674999999999983,-1.312219512195123,0.35642857142857209,0.96990607734806689,3,0
4,1,0,0.047681966583445312,-0.011867845239820353,-0.039529560900031686,-0.0031284262846282967,0.01735854686509267,0.0095266294089344991,0.0023666029692782798,-1.9399999999999977,-1.4005609756097506,-0.43071428571428377,0.43222674033149272,2,1
2,3,1,0.046261576688502414,0.026915572898190816,-0.052724149214659635,-0.00592350946473793,-0.042422989456274512,-0.068273253942709999,-0.072081096241686071,-5.125,-3.1981219512195134,-1.4164285714285723,-0.65029005524861949,3,1
5,2,0,-0.036716973330576788,-0.062721274541358243,-0.066551807035820226,-0.033319502074688805,-0.069905780900670678,-0.065653324777412383,-0.063399533649593998,-2.1574999999999989,-0.47085365853658689,0.37928571428571445,-0.21544198895027722,4,0
2,1,4,-0.036716973330576788,-0.062721274541358243,-0.066551807035820226,-0.033319502074688805,-0.069905780900670678,-0.065653324777412383,-0.063399533649593998,-2.1574999999999989,-0.47085365853658689,0.37928571428571445,-0.21544198895027722,4,0
3,0,4,0.0045720702655008679,0.0069952560906970359,0.011182431068588196,0.0028827674567584835,0.020992133045285848,0.038560411311053915,0.035726099900760776,1.0024999999999977,1.3832926829268308,0.24357142857142833,0.1801009116022104,4,1
0,2,0,0.0045720702655008679,0.0069952560906970359,0.011182431068588196,0.0028827674567584835,0.020992133045285848,0.038560411311053915,0.035726099900760776,1.0024999999999977,1.3832926829268308,0.24357142857142833,0.1801009116022104,4,1
7,0,4,-0.009736757992511719,-0.036805869110980209,-0.044568938886198749,-0.045588115953171165,-0.0061632373952733074,0.056670199453708568,0.050654203630063073,0.16227500000000106,1.7701512195121938,0.80750714285714154,0.82531240331491662,4,0
0,0,5,0.0072893738739120495,-0.0090681034303041006,0.043151956256480106,0.024000800441583276,0.010139739599812963,0.021704853165044349,0.02630659730518951,0.14979999999999905,0.64683707317073236,0.99512142857142905,0.78820649171270707,1,0
3,1,0,-0.042821639776493711,-0.032648245301728065,-0.044154647969386299,-0.014771687937753563,-0.01045161927258847,0.0021288477154513146,0.0015195068365621131,1.4044500000000042,1.1436834146341464,0.32857142857142818,0.60293290055248661,3,0
2,0,1,-0.00090909320861335134,0.016239575287687855,0.035177949728114111,0.035665983354021456,0.046683986868869994,0.066670627504780103,0.090733861551937689,2.2470250000000007,2.0718573170731696,1.8525571428571428,0.60880936464088409,1,0
6,0,0,0.00018619812597793514,-0.022100761754152366,-0.032817838788068765,-0.040973923683166047,0.0355222666393352,-0.019667043026713456,-0.061646507771248443,1.3744999999999976,-0.68039390243902664,-0.20812142857142898,-0.35269367403314938,4,1
5,2,2,-0.017349038956292601,-0.012785657260806374,-0.013380875445179137,-0.03971611125046038,-0.033935124721511452,-0.012011217077032671,-0.006131933230871002,-0.7140500000000003,0.14335097560975726,0.37443571428571587,0.10902690607734915,4,1
8,2,2,0.026894084499309297,0.015014507589889967,0.058185981950728029,0.07319503200196123,0.1239443679250372,0.14963759334320043,0.1530936227570919,3.459975,1.6250480487804877,0.16107857142857135,0.45819527624309364,4,1
6,1,0,6.9427087672463173e-05,-0.0035197724323232983,0.017767082075073104,0.044120290636651863,0.041784643646239052,0.053492272103291161,0.039309426267949317,1.4418750000000031,1.7854078048780493,1.6524499999999998,2.0895589226519333,3,1
2,0,1,-0.0022369520172705933,0.0089759595237103688,-0.004607576743642372,0.01661777352342338,0.040071167938240733,0.083638425871742639,0.011638752823160146,1.4061249999999959,1.3086341463414619,2.482214285714285,1.743276657458563,3,1
5,1,0,-0.011568453931849796,0.030472370932661436,0.045088337932365483,0.094508562168850604,0.1195288888081755,0.12289440572570313,0.15287473143686567,4.7471499999999978,1.3818668292682907,0.2166714285714286,0.59654298342541356,3,1
0,0,0,0.017588607046614059,0.017299273441911379,0.039602011719307204,0.045438149612062544,-0.0012849314516761069,-0.011009178377605889,-0.038043507543829347,-0.82889999999999731,-0.52462853658536457,0.85529999999999973,0.32044845303867359,4,1
3,1,1,0.017588607046614059,0.017299273441911379,0.039602011719307204,0.045438149612062544,-0.0012849314516761069,-0.011009178377605889,-0.038043507543829347,-0.82889999999999731,-0.52462853658536457,0.85529999999999973,0.32044845303867359,4,1
1,1,3,-0.0049217796808045354,-0.00065856440885430777,0.0014536249938769394,0.011002801988991206,0.013502632061985136,-0.052019492192909238,0.016765280693783895,0.69097500000000167,0.89996341463414731,1.005664285714285,1.0049354419889498,4,1
1,3,3,0.018635737970610897,0.019115972787060734,0.029957907880692022,0.049625160684000809,0.073303862667581321,0.07645066999165237,0.075855330174055505,2.4293000000000049,1.3746068292682954,0.85815714285714406,0.59447765193370261,4,1
5,0,0,0.042954730992202698,0.22887153738802304,0.23090364209642619,0.21798555939243192,0.21810321926244355,0.21342966736658955,0.22245845076089174,4.3460500000000017,1.8960573170731714,1.4261357142857147,1.2879972375690607,3,1
2,0,4,0.004384840155600556,0.017153928126394633,0.016535451300841629,0.028920826485524888,0.017153928126394633,0.033819717810668823,-0.00029898841255115988,0.5213499999999982,-0.12378195121951308,0.10904285714285729,0.99812756906077316,4,1
3,2,4,-0.001422389746995621,-0.0059658893883103694,-0.004859112102169048,-0.0057147255200015691,-0.0066186235104555976,0.010432045052355749,0.029262191881059954,-0.25715000000000288,1.1949182926829267,1.2768928571428566,1.3481427624309381,0,0
7,0,1,0.041888727691458245,-0.027336989997946853,-0.0092321481924110393,0.040503417774939952,0.051937031603156401,0.097122703816406225,0.2926954772615642,0.30402499999999932,2.5383370731707315,1.572092857142857,1.4016589502762429,3,1
6,3,0,-0.017349038956292601,-0.012785657260806374,-0.013380875445179137,-0.03971611125046038,-0.033935124721511452,-0.012011217077032671,-0.006131933230871002,-0.7140500000000003,0.14335097560975726,0.37443571428571587,0.10902690607734915,4,1
1,3,0,-0.0049217796808045354,-0.00065856440885430777,0.0014536249938769394,0.011002801988991206,0.013502632061985136,-0.052019492192909238,0.016765280693783895,0.69097500000000167,0.89996341463414731,1.005664285714285,1.0049354419889498,4,1
5,2,3,-0.00018637897495303251,-0.016238472674929238,-0.014248144878609058,-0.010610158244096696,-0.056240070796272343,-0.078621796808244368,-0.095944309414723788,-1.5853999999999999,-0.83902121951219599,-0.32141428571428626,0.13783265193370167,4,1
1,1,4,0.022859872918440442,0.025934784375376527,0.053326370652010367,0.015218499017300366,0.00054522758468966692,-0.032883392473512525,0.0012279409904615345,-0.79824999999999591,-1.5589899999999992,-0.63361428571428546,-0.85820654696132515,4,1
5,4,4,0.0060200807247498501,0.028850733098838524,0.034973176591895083,0.03327892862583904,0.040596132874963942,0.031902873568095604,0.028106349852459762,1.4056500000000014,0.91353536585366124,0.9711642857142867,0.14079640883977931,4,0
2,1,4,-0.010494796068677413,-0.010399207863404697,-0.014196054128230256,-0.0068609686791981156,-0.036290223954031295,-0.014669204673446391,-0.027167626764214834,-0.69277499999999748,0.076025609756097706,0.32965714285714298,0.18688878453038729,0,1
2,2,1,0.023432667012428687,0.082702939731213232,0.1017979513490242,0.075038425563802899,0.055948061046752123,0.038287936098725807,0.056965694525859541,0.73917499999999947,0.96630365853658595,0.17635000000000037,0.26708646408839798,3,1
3,0,0,0.29806701757823512,0.25743266172402102,0.23622931074455875,0.23432034847120409,0.30190892768347122,0.2944373803775519,0.2793779214794116,0.04970000000000141,-0.31305317073170646,0.016328571428571439,0.081064060773480828,4,1
1,1,0,0.01209495244784446,0.018446832835247801,0.053921505643097709,0.066726222512109634,0.085097354426283522,0.11052407940862194,0.17483809553189938,1.7720500000000001,1.4035639024390245,1.2934928571428574,0.64710627071823235,3,1
9,0,2,0.037913965743522703,0.047102965169715516,0.031934570973900914,0.053259958354741808,0.00079816406206089188,0.008041021991087036,-0.0068116981432783281,-0.55667499999999848,-0.11906658536585325,-0.10934285714285709,-0.039001049723756911,3,1
1,0,4,-0.0072751826638521241,-0.020225669999277659,-0.021228617466587694,-0.023373351968525961,-0.024371301177897237,-0.0081597502074639439,0.0010484564642009979,-0.29325000000000045,0.23796707317073154,0.31951428571428508,0.40114720994475084,4,0
4,1,0,0.019953513517489512,-0.050205142606646734,0.01502968238747412,0.040332056984609788,0.052914823743806856,0.059522888532954371,0.096428327866000876,0.85119999999999862,1.3423860975609752,1.008342857142857,0.90414248618784554,3,0
2,0,2,-0.042089369258922052,-0.022975686539883047,-0.090181409079700792,-0.027692276723298648,-0.0034548631137093925,0.0085983029290609397,0.014928238439211147,1.0751750000000015,1.3511587804878051,1.2764214285714286,1.2444855248618789,4,0
0,0,0,0.016376562267352904,0.018550911186096978,0.0083002911508645565,0.025503093313447425,0.044449360321498377,0.072904693101143309,0.053117594029684315,0.3745750000000001,0.37547829268292721,0.37775714285714301,0.47392632596685091,4,0
3,2,4,0.030488398917047754,-0.02023387773678811,0.27180208825039992,0.23198992298445312,0.21121559801631951,0.20934526145220805,0.27556626161629094,3.1014750000000006,1.6847821951219524,0.83572142857142906,0.91101812154696182,1,1
3,1,1,0.01172123959536335,0.024207202006432553,0.022263217272150707,-0.0055298844565027927,0.0051225654721949185,-0.012807084810114798,-0.0078152168804924895,-0.034250000000000114,-0.042571463414634296,-0.035642857142857309,0.012829558011049727,2,1
6,3,1,-0.040926193397657198,-0.051473913763842416,-0.047284503114669203,-0.011466359279257387,0.063112619010574827,0.041042703874262211,0.004190804881055098,0.54034999999999922,-0.046825121951219621,-0.075828571428571578,0.10840941988950271,1,0
3,1,1,0.1237154624335238,0.11661633820724725,0.12813050394151207,0.13258037540426981,0.15188031560610707,0.14785183672427424,0.15072475636720975,0.12230000000000008,0.10883560975609749,0.026557142857142883,0.036984198895027728,4,1
3,1,3,0.010430533014825201,0.033604118672996439,0.041168733558812488,0.050540096027604467,0.080721052811218538,0.083293418441657469,0.087689854005643442,0.35667500000000008,0.17284585365853669,-0.047992857142857205,-0.0047813535911601134,4,0
6,0,4,0.021608566137992093,-0.0080878406195119511,0.016056968072896867,-0.00050935212510120156,-0.048266447993439938,-0.052629221312495394,-0.049876954870141307,-0.34197500000000058,-0.090690000000000159,-0.050928571428571497,-0.048054944751381279,0,1
2,2,0,0.13857738434131023,0.12557872681915391,0.10701913530424352,0.099304538409978355,0.11209095573119403,0.1398124655267512,0.10045193608281824,-0.16210000000000058,-0.098848292682926706,-0.010528571428571507,0.079628784530386701,4,1
7,0,3,0.040700565042417286,0.038459978345590576,0.030533760225914537,0.06399677746269955,0.075181800266845039,0.084162108808745889,0.082768874400567391,0.25640000000000018,0.14475219512195142,0.15089285714285719,0.24437486187845317,4,1
0,0,1,-0.0031912564232770813,0.013437409710742804,0.025316152404866836,0.037969893808486511,0.035999786954858684,0.0078332179311449146,0.018628809193957711,0.20300000000000029,-0.022600243902438855,-0.013278571428571442,0.052712209944751405,4,0
5,2,0,0.035690112083701368,0.039117398235486898,0.0069376282680466365,0.017807516474348448,0.011257603082678803,0.053037990925102821,0.053627907519577793,-0.10530000000000062,-0.022992682926829405,-0.002050000000000044,-0.0029795856353591879,1,0
4,1,1,-0.009736757992511719,-0.036805869110980209,-0.044568938886198749,-0.045588115953171165,-0.0061632373952733074,0.056670199453708568,0.050654203630063073,0.16227500000000106,1.7701512195121938,0.80750714285714154,0.82531240331491662,4,0
2,0,2,-0.01960933734334247,-0.012462903260745707,-0.028499621274417415,0.022696437645879163,0.0039208233058715567,-0.0096684313179158862,0.0016698980340008123,1.2533499999999975,0.77965341463414495,1.463785714285714,0.87763624309392307,2,0
6,0,1,-0.0011815559914164166,0.0065716532421697341,-0.013166549866501912,-0.0059731518971963011,-0.022115257660796316,0.029417244006090141,0.010518242839231296,-1.1310000000000002,0.30089024390243907,0.69551428571428586,0.76237174033149246,4,1
2,1,2,-0.015096290513231974,0.0064147237063573682,-0.061838848587422481,-0.076865566330883803,-0.088864465789802602,-0.080258607084180394,-0.084388297120441297,-4.0600000000000023,-1.2903560975609754,-0.31886428571428588,-0.30643162983425443,4,0
4,2,1,-0.0042952892121665863,0.014813596358004845,0.011515186519751169,0.0062824711732901274,0.013585883525832664,0.017182668194264721,0.0079583008428947589,0.48094999999999999,0.36579634146341444,0.73192857142857137,0.57406640883977889,4,0
3,3,0,0.025893162616193632,0.023598288836575231,0.03510153811948781,0.021166281138661539,0.042941222851778094,0.067001899822080047,0.11169725184999577,0.56377499999999969,1.1067970731707331,2.4594071428571431,1.7835829005524868,4,1
3,2,2,-0.033410403784443293,0.00068234137443235203,-0.035951363136366342,-0.046480220254157475,-0.073814669151497744,-0.08020331428937727,-0.066268023321465142,-1.6513999999999953,-0.11644829268292495,-0.58372857142856971,0.36647892265193477,3,0
0,6,1,0.0096527544143206519,-0.083965095910163837,-0.085366802140817197,-0.052613632744365951,-0.052790205644379536,-0.067997740381647034,-0.066112130961043361,-1.6508499999999984,-1.7423814634146342,-1.0505071428571426,-0.50772925414364622,4,1
5,1,0,0.010638568507547724,0.029936914651140317,0.053171465591230489,0.056259246970483345,0.055675074183976297,0.064503703654082228,0.066703996992689918,2.0123499999999979,1.4894843902439003,0.22042857142857031,0.97392527624309322,2,1
