2,0,0,0.083068059849367465,0.088419946345106179,0.080668930608060616,0.10465301234128961,0.091105689253632133,0.14467713787085518,0.13555001971741576,0.020075000000000287,0.038475609756097574,-0.028057142857142812,-0.0098303314917126561,1,1
2,3,4,-0.030865602684405424,-0.043207564445110321,-0.0066196550174566085,0.0054668707631751589,0.020027863310054732,0.020027863310054732,0.088129496402877622,0.14795000000000025,0.13804195121951229,0.0027357142857142541,0.051661077348066298,4,1
1,3,2,-0.036262988303150293,-0.076105487078134706,-0.067385485793042529,-0.054228008602349768,-0.028758123287616944,-0.076941048791884542,-0.092867115257137131,0.049100000000000144,-0.14833609756097541,-0.10284999999999986,-0.085053149171270673,4,0
1,1,3,-5.8196698715663937e-05,-0.010475393736587419,-0.03897273762948969,-0.019610198504459553,-0.047163175422261942,-0.021520201414698372,-0.023165630367262924,-0.4034999999999993,-0.15575951219512241,0.064357142857142849,0.10236522099447522,3,1
4,4,1,0.013148278756274921,0.026773094947783082,0.027364544533725152,0.02949006890960686,0.037385467996392543,0.034582883884024133,0.039157987077176909,0.18302500000000066,0.15017024390243922,0.14867142857142873,0.1449906906077349,3,1
0,3,3,-0.017916779599099625,-0.035769904500973039,-0.040894443677208452,-0.062444031445889968,-0.054850014176353816,-0.051392316308039747,-0.043672341538871166,-0.41450000000000031,-0.037293902439024862,0.082171428571428409,0.047113232044198865,4,1
2,1,3,0.015517953452213219,0.01654284359382786,0.043653303594463809,0.052166908937594673,0.077771785489446979,0.099310970558455766,0.098542967458219569,0.71327499999999944,0.40536146341463336,0.47025714285714265,0.37935616022099417,4,1
3,0,0,0.019984922002042604,0.019272337844082464,0.031575890967202785,0.030847025156926191,0.014484445296969203,0.021612627780326504,0.037411758936671417,-0.061850000000001515,0.29275682926829255,0.24177857142857104,0.21974022099447507,4,1
3,1,2,0.00060215500650549043,-0.017157198160188115,-0.032610531987270007,-0.040050927362809984,-0.038406201634828059,-0.04482019399617243,-0.015320907124117282,-0.42947500000000005,-0.024863658536585034,-0.037349999999999994,-0.11592906077348053,2,1
0,0,1,0.00060215500650549043,-0.017157198160188115,-0.032610531987270007,-0.040050927362809984,-0.038406201634828059,-0.04482019399617243,-0.015320907124117282,-0.42947500000000005,-0.024863658536585034,-0.037349999999999994,-0.11592906077348053,2,1
6,1,4,0.0044617995999304688,0.019876192220963144,0.0030920840423994326,-0.0061842809946862729,-0.0050637659414854066,-0.017887868135506118,-0.016686401629388305,-0.10745000000000005,-0.020329268292682945,0.01302142857142893,-0.031417265193369869,0,0
5,2,4,0.017029702146599428,0.025983454011762334,0.054222971516285731,0.025133855758627813,0.085502510666447665,0.02620307276462781,0.016004836980461051,0.75822499999999948,-0.24615951219512211,-0.19595714285714294,0.01578977900552472,0,0
2,2,2,0.0088038253418406768,0.036570484904407535,0.0079684532270034077,0.06732626232579611,0.0090197666780690439,-0.001007704262692858,-0.0396881828240905,0.0025499999999993861,-0.22350707317073201,-0.17855714285714289,0.049349834254143472,4,0
0,2,5,0.016659444167354803,0.043481727184419131,0.036658926911420663,0.043818981999357749,0.09406992551661017,0.095330066618950562,0.065348053138668524,0.8653499999999994,0.035050487804877663,0.27667142857142835,-0.07750157458563553,0,0
1,4,2,0.026382760885118033,0.019671762121332041,0.026714489289229624,0.076141997985032878,0.077381489841986464,0.047890775274496901,0.0082542090283116484,0.56404999999999994,-0.036370243902439196,0.00091428571428561355,-0.10745571823204429,4,1
4,3,5,0.016659444167354803,0.043481727184419131,0.036658926911420663,0.043818981999357749,0.09406992551661017,0.095330066618950562,0.065348053138668524,0.8653499999999994,0.035050487804877663,0.27667142857142835,-0.07750157458563553,0,0
3,1,3,-0.0077336846220442635,-0.011474529039157681,0.076248439625398082,0.054749656100293774,0.052392681691913981,0.026487829879927139,-0.0087772775488582123,1.1070250000000001,0.081591463414633969,-0.23667142857142867,-0.013293397790055702,4,0
2,0,3,-0.028164190811448421,-0.033487928318679298,-0.03693191033833973,-0.048724609890096318,-0.044895661265675547,-0.030561329255810229,-0.038279395732751929,-0.3478500000000011,0.16023268292682796,0.21344285714285657,0.24341665745856345,4,0
3,2,2,0.0025693328311513532,-0.017468717109110014,-0.0096498713800703319,-0.013250761267306522,-0.035053884879692104,-0.055618067646538691,-0.062158362722423886,-0.78417500000000118,-0.56258073170731737,-0.6586642857142857,-0.43295762430939255,4,1
2,2,1,-0.021311223958119851,-0.028089110280891116,-0.013186151530356261,-0.010312989156560827,-0.021757932323479372,-0.04216791534789275,-0.018927629926453853,-0.0097500000000003695,-0.43759756097560953,-0.22395714285714316,-0.095758480662983425,4,0
3,2,0,-0.0090852732242536829,-0.020799844061291969,-0.015251978416579366,-0.047363326946473515,-0.009576226377894851,-0.045270663849616963,-0.063004457148393922,-0.0096750000000014325,-0.3082653658536596,-0.39387142857142876,-0.38807069060773497,4,0
1,2,2,-0.0037459102821462884,0.014407609119895193,0.011780601715044699,0.030727235232171645,0.042370737474193093,0.0440211305381761,0.046783430057836355,0.93777499999999847,0.68603975609756052,0.45169999999999938,0.33856146408839743,4,1
3,2,0,-0.0037459102821462884,0.014407609119895193,0.011780601715044699,0.030727235232171645,0.042370737474193093,0.0440211305381761,0.046783430057836355,0.93777499999999847,0.68603975609756052,0.45169999999999938,0.33856146408839743,4,1
7,1,5,0.0001855313327082251,0.0017545678175856663,0.014221466838334437,0.0099997450995385987,0.0082097878788265077,0.004681955391475057,-0.0062686136695653937,0.15765000000000029,0.10205292682926746,0.68559285714285678,0.5415272651933698,2,1
1,1,2,0.0001855313327082251,0.0017545678175856663,0.014221466838334437,0.0099997450995385987,0.0082097878788265077,0.004681955391475057,-0.0062686136695653937,0.15765000000000029,0.10205292682926746,0.68559285714285678,0.5415272651933698,2,1
2,1,3,-0.003471375380062799,-0.0023892348402758802,-0.0036877531992071653,0.0063532386622193512,-0.0046597144083426068,-0.021308605222786835,-0.025358425585373573,-0.025699999999996948,-0.038015853658535548,0.094171428571429364,0.26444027624309424,3,0
1,2,1,0.00039842748301927337,0.014220351528550841,0.026434812105608899,0.031488113837944434,0.034245299761400359,0.047931855114418456,0.047713219071970514,0.77209999999999823,0.63838951219512186,0.19215714285714217,0.19844069060773412,2,1
1,1,1,-0.012253492714678911,-0.022742918252928884,-0.031669183619081519,-0.034448650757663672,-0.032341518317137719,-0.012253492714678911,-0.020879670818505378,-0.48109999999999786,-0.06382804878048752,-0.20115714285714251,-0.14050825966850813,2,1
4,1,0,0.011904654531417048,0.0031616906103332574,0.021722619281795738,0.023128630092388615,0.037760544333467046,0.030571059042258,0.043951238076805316,0.69059999999999988,0.64068121951219603,0.62013571428571423,0.5333770441988952,2,0
3,0,0,-0.015756059057742754,0.0021490813690864829,0.0068637859515640115,0.015083298216733827,0.028760693580022468,0.023197449075488531,0.046573177589723076,1.3582250000000009,0.69433073170731685,0.44890714285714289,0.32521569060773492,1,0
2,0,4,-0.001476992575399304,-0.0040359273364563462,0.0098735509887024793,0.018570932384492679,0.013742269931931872,0.02023520319854058,0.0479738392711005,0.57759999999999678,0.95671634146341455,0.83018571428571464,0.78885104972375675,1,0
3,0,2,0.00427928464267858,0.0025635011323781676,0.063700222378227936,0.061251896768803479,0.058466689422536355,0.058553478168470834,0.059074509672612865,1.6123499999999993,0.95725048780487731,0.64969999999999983,0.62266400552486234,4,1
3,2,3,-0.0012174624903104603,0.0024076478935339727,0.01541763428600189,0.024409635293321588,0.022088906448383402,0.029443058338285085,0.033434042173604551,0.76042499999999791,0.81462292682926907,0.99088571428571426,0.8442901657458568,3,1
4,1,2,0.0033169099409138523,0.0010071067533158411,-0.0027239068148638855,-0.001435525650998849,-0.0045786414371412404,0.0012947013743134159,-0.0046502569305107537,-0.27070000000000505,0.19675048780487644,0.23448571428571288,0.31678602209944656,4,1
0,0,0,0.030996018826687361,0.046765517762075992,0.046673000826755108,0.065783380113209167,0.072406637047098876,0.064544885054296189,0.080482918419366917,1.0645000000000024,0.38844804878048828,0.34915000000000063,0.058014613259669168,4,1
4,2,0,0.0033777122260169072,-0.0064329399850436928,0.008290451120221462,0.011063138171999219,0.0050754703813481773,0.005468026010995268,0.0037689425196813209,0.064249999999994145,-0.001686585365854537,-0.12495714285714346,0.077377872928176758,1,0
2,1,1,-0.0056176018579196874,0.013757146964411254,0.014056511862201667,0.015916165672599437,0.012143146730429547,0.011189767193239364,0.003800103073540298,0.75445000000000562,0.013214634146344807,0.19137142857142919,-0.057404889502761521,1,1
4,2,3,-0.038776803764685043,-0.0411277892421388,-0.035415696362398864,-0.03215760816697813,-0.041620809298214712,-0.027418857341758474,-0.024744366932714434,-0.11364999999999981,0.12878097560975629,0.17297142857142944,0.056664281767956605,4,0
2,0,0,-0.0094383805474710144,-0.0053660792721704105,-0.0089568406729081604,-0.0066120567580641608,-0.021257361853164587,-0.0069574913048957455,-0.021190812365354587,-0.42994999999999806,-0.18985048780487823,-0.075542857142857703,-0.56559395027624348,3,1
1,2,3,-0.0022274896262627825,-0.0047217590280542203,-0.0098780765924600857,-0.0025054045761808297,-0.0022274896262627825,-0.0040993615216198308,-0.0054120884543054394,0.0,0.29824000000000106,0.25804285714285818,0.23154955801105101,4,0
2,1,0,0.026113397816630707,0.033614876185749404,0.020468320807263775,0.034668766741772918,0.057957275188598105,0.095863972176825282,0.10287026317671309,1.2554000000000016,1.3030851219512203,0.78825714285714199,0.67938571823204363,4,1
3,1,3,-0.013999812083059294,-0.01990923923914862,-0.029470044413156281,-0.021661677094559403,-0.045039856898184003,-0.082070158970338675,-0.084315256398318203,-1.1589000000000027,-1.224960731707319,-0.67635000000000134,-0.44714179558011075,4,1
0,3,2,-0.0020422853699296781,0.0061210608532248608,0.0093548036399132891,0.019594545258060623,0.046219623230051042,0.053868089656575802,0.040463933503738829,2.0170499999999976,2.0007380487804856,1.4361571428571429,1.0702551657458559,3,0
3,6,0,0.0032140692730814177,0.013391514131917474,0.039854609884441977,0.047456544407150997,0.034133936746528343,0.048524548153448997,0.072124924990251124,1.2926000000000002,1.8807819512195125,0.97680714285714232,0.97666428176795572,1,1
2,0,3,-0.0032977188104608528,-0.0053332692975097849,0.0028031565052483525,0.0060262353175209275,0.016232209147119838,0.042769485098652041,0.050392729033570866,0.83860000000000667,1.3664019512195136,1.3915000000000017,0.99621674033149177,4,0
3,2,5,0.018092333022922489,0.0014877911768547112,-0.0025323482753706714,-0.0035784981746924366,-0.015544391531694086,-0.01524437636670063,-0.011325643081858076,-1.3447249999999968,-0.19950268292682918,0.080100000000001614,0.046222348066298456,0,1
5,1,3,0.0063462514807921151,0.0028108618860773951,0.0069921436950811031,0.0073795560498393286,0.010882351605328531,0.010296970891716896,0.022869725811460451,0.1736749999999958,0.20411926829268345,0.29134285714285724,-0.18617022099447561,4,0
3,3,0,-0.0055523737542074372,0.0063283209136249371,-0.0069451036784673008,-0.021957949375577469,-0.025877554258136384,-0.029089936171151461,-0.031072811590026606,-0.88892500000000041,-0.12365121951219332,0.61437857142857211,0.78524500000000064,4,1
4,1,1,0.0018338759118885059,-0.0018868427049084648,-0.0028270068141447524,-0.010114237883869625,-0.01472243027893089,-0.00094431223678171207,-0.021667787280921762,-0.70714999999999861,-0.64573731707317239,-0.0049785714285722604,-0.34374958563535907,3,1
0,2,3,0.0018364143243725156,8.3327310526011951e-05,0.0,0.0080649792204653559,0.0062891844165799942,0.0020873571757802204,0.0074717763349494617,0.12987499999999841,0.32075121951219554,0.21143571428571409,0.14865372928176784,4,1
5,1,4,-0.0032977188104608528,-0.0053332692975097849,0.0028031565052483525,0.0060262353175209275,0.016232209147119838,0.042769485098652041,0.050392729033570866,0.83860000000000667,1.3664019512195136,1.3915000000000017,0.99621674033149177,4,0
3,2,3,-0.0022274896262627825,-0.0047217590280542203,-0.0098780765924600857,-0.0025054045761808297,-0.0022274896262627825,-0.0040993615216198308,-0.0054120884543054394,0.0,0.29824000000000106,0.25804285714285818,0.23154955801105101,4,0
2,0,1,0.0028137498852370442,0.0029902457946724258,-0.022455666094307797,-0.022455666094307797,-0.018755477954006502,-0.019823423634863831,-0.03026879734657166,-0.93374999999999631,-0.23262414634146258,0.11311428571428703,0.048079447513813753,3,1
2,1,0,-0.0040224900279536152,0.0068811358791098631,0.022034814712911251,0.036248004261036491,0.0033701505794585369,0.0095131554830838339,0.017585772368600282,0.29540000000000077,0.58171926829268239,0.62096428571428575,0.59327842541436437,2,0
4,0,0,0.0037851870364973817,0.0026927090344097994,-0.0079926106482016892,0.005977881032203077,0.016200166618958473,0.015905219114937703,0.01927768473643824,0.53037499999999937,0.52926707317073107,0.17785714285714352,-0.018582541436465014,3,0
4,0,4,5.7386141591070393e-05,0.010569722358497225,0.029356501933571602,0.028328162230611943,0.022618499931930325,0.034835752845725418,0.0211863165284326,0.96112500000000267,0.035087317073170775,0.53030000000000099,0.92264651933701702,4,0
3,0,4,-0.0097789070957840941,-0.026783045259944009,-0.043092180230325287,-0.042729994824263075,-0.049974695319674134,-0.040371533978233794,-0.048606364252032797,-1.6101750000000052,-0.63262219512195339,-0.75210714285714375,-0.32799569060773576,4,1
0,5,0,0.0028137498852370442,0.0029902457946724258,-0.022455666094307797,-0.022455666094307797,-0.018755477954006502,-0.019823423634863831,-0.03026879734657166,-0.93374999999999631,-0.23262414634146258,0.11311428571428703,0.048079447513813753,3,1
5,1,1,-0.029221590014099828,-0.038230088495575236,-0.036443993624112457,-0.033927854562137962,-0.032485210499109685,-0.032848126217642763,-0.025206874602164274,-0.02194999999999947,0.053372926829268343,-0.0229928571428571,-0.042894226519336977,4,0
0,0,1,-0.029221590014099828,-0.038230088495575236,-0.036443993624112457,-0.033927854562137962,-0.032485210499109685,-0.032848126217642763,-0.025206874602164274,-0.02194999999999947,0.053372926829268343,-0.0229928571428571,-0.042894226519336977,4,0
2,1,5,-0.01852533431480799,-0.047205584604686358,-0.056047197640118,-0.054294190773267026,-0.051824664028598165,-0.050408745429134753,-0.050764938012653908,-0.22184999999999988,-0.028344146341463376,-0.076621428571428646,-0.085444143646408816,0,0
3,0,0,-0.010222390265699641,-0.011852716104457567,0.00033349544917664635,0.0087402482300559855,-0.017030500605915752,-0.038447924666911507,-0.03906401212032224,-0.050374999999999837,-0.11006585365853681,-0.082249999999999907,-0.070313314917127112,4,0
1,1,2,-0.0021917747256107764,-0.0027409903147968327,0.017315501712833921,-0.042589192305228694,-0.11127791981290995,-0.089044296147321983,-0.094932461411927321,-0.55162500000000048,-0.21048390243902468,-0.17871428571428588,-0.28465262430939237,4,0
0,0,0,-0.0021917747256107764,-0.0027409903147968327,0.017315501712833921,-0.042589192305228694,-0.11127791981290995,-0.089044296147321983,-0.094932461411927321,-0.55162500000000048,-0.21048390243902468,-0.17871428571428588,-0.28465262430939237,4,0
3,3,0,-0.0021917747256107764,-0.0027409903147968327,0.017315501712833921,-0.042589192305228694,-0.11127791981290995,-0.089044296147321983,-0.094932461411927321,-0.55162500000000048,-0.21048390243902468,-0.17871428571428588,-0.28465262430939237,4,0
1,4,1,-0.0060799513603892082,-0.043876816484455877,-0.047359160848565035,-0.031840338941869752,-0.032200405303864102,-0.034344222256722116,-0.038958542955015767,-0.17312499999999975,-0.13953170731707309,-0.18320714285714271,-0.058894060773480535,4,1
6,4,4,0.00099911113561038513,0.0016685972750841501,0.0036755053819900485,0.0023355216630845631,0.00066814991355383332,0.0053564013840831006,0.0080526806995874466,-0.0023999999999997357,0.039938048780487997,0.042835714285714185,0.023956491712707178,1,0
2,2,5,0.0080104442705653135,0.0037796278917596308,-0.004580595861668659,-0.040530642811880332,-0.034331955637646731,-0.048925035995284943,-0.026071556858715796,-0.25357499999999966,-0.087816341463414757,-0.053635714285714134,-0.084078370165745792,1,1
0,0,1,-0.0083287441995483456,-0.04414342498333515,-0.037968078321585587,-0.052506209951421592,-0.029738783215965372,-0.018945536860598647,-0.025370786045438236,-0.12922499999999992,-0.038930975609756113,-0.050849999999999999,-0.065801243093922657,4,1
2,7,0,-0.036115477356332276,-0.029888265842810104,-0.044548498802876292,-0.021589855399343393,-0.010705959862152803,-0.017185172753781182,-0.018387760489781572,0.15605000000000047,0.058659756097561307,-0.012535714285714252,-0.03764436464088388,3,0
2,0,5,-0.0015907264725435687,-0.010254046426246425,-0.0039714026457028651,-0.0079073650762770953,-0.023726717983488178,-0.017996766519434944,-0.020680136027205427,-0.13897500000000029,-0.044624878048780452,-0.031350000000000024,-0.090122071823204489,2,0
0,0,0,-0.015945439317193756,-0.010169817906100645,-0.012874574914982981,-0.018618766730439544,-0.01785700069262549,-0.0086187152689881936,-0.0055018803129420375,-0.012199999999999989,-0.0057785365853658,-0.068264285714285736,-0.053831574585635353,3,0
2,6,1,0.0025536569725774995,-0.01997389419035113,-0.024842418861306559,-0.027945199467501465,-0.048149925509970201,-0.042509195315342564,-0.050122939688076275,-0.35305000000000053,-0.19672121951219532,-0.11537857142857152,-0.14582875690607744,3,1
5,2,2,-0.0039516560478576003,-0.019834084473337822,-0.014081286331523992,-0.016775355071014193,-0.022496847816143153,-0.021738092015699477,-0.012536313118528335,-0.11702499999999993,-0.028637560975609787,-0.042492857142857075,-0.075031270718231902,4,0
7,2,5,0.0049586568835974865,-0.0057236066608004899,0.016295309530274235,0.012528054981423566,0.018823869653421442,0.027348440662847053,0.035577958093228966,0.081100000000000172,-0.039827560975609973,0.00018571428571436042,-0.0072623480662984087,2,1
1,4,5,-0.010629555227201036,0.011280715449361867,0.0075320492499651448,0.013796799176615221,0.022279308333619272,0.030468219761977788,0.026143143720565764,0.19390000000000018,0.005868780487804961,0.016392857142857004,0.012209447513812217,1,1
5,4,2,-0.0089509143407121416,-0.010719709706861535,-0.0071721007505858173,-0.0014434427788697368,0.010958386828789451,0.011695707543070052,0.0083805090076347431,0.13300000000000001,-0.02830585365853661,-0.0076000000000000512,-0.048309116022099537,2,1
3,5,4,-0.02326384561978179,-0.02999840885384444,-0.027987811359529442,-0.01138775672003773,-0.0030454011898142629,-0.019927905140599278,0.015149664923752039,0.1424000000000003,0.11810268292682947,0.11598571428571423,0.046261298342541432,1,0
1,2,5,0.0014505205137073417,0.0021773599231782259,-0.0061199555583444686,-0.018488614119439691,-0.041322343474623123,-0.047932393967788221,-0.045958969634695118,-0.29990000000000006,-0.12540975609756089,-0.012528571428571413,0.015049392265193305,0,0
0,0,2,0.010204022905815803,0.0033783590664068102,-0.005022277143537336,0.0096345763374805389,0.0062140285707734059,0.0062140285707734059,0.0090599705665932086,-0.017225000000000712,-0.026017804878048775,-0.038692857142857306,-0.031707817679557979,4,0
1,0,0,-0.022413783533251574,-0.032467354102917727,-0.028785865147596602,-0.013244958903649073,-0.017039492777889544,-0.01487319468838459,0.0028071014542265264,0.024624999999999453,0.0062219512195121653,-0.119607142857143,-0.084165773480662925,4,0
3,1,5,0.012332383797679319,0.020839974637516127,-0.0052398914472000235,-0.026914215113366981,-0.027537692466846057,-0.028782253387813924,-0.031567683253076614,-0.29504999999999981,-0.15066341463414623,-0.11582857142857124,-0.096680994475138018,2,0
2,1,3,0.0054392860937002314,0.0010153787574302591,-0.0023577198635263172,-0.0037020011860439558,-0.003030313670822884,-0.0033662706004175991,-0.0037020011860439558,-0.059974999999999667,-0.091298292682926663,-0.12199999999999989,-0.10202342541436464,3,1
0,2,0,-0.0086771228827780059,-0.0023844692114569264,-0.0063267026571341423,-0.022171259921030636,-0.016432179149265688,-0.019119823964793028,-0.024827673986627653,-0.048750000000000071,-0.011558048780487834,-0.0055714285714285284,-0.076315635359116049,1,0
5,1,5,-0.015910794260122412,-0.012419374958724375,-0.0078400294876519762,0.012739524506465687,0.015325713854626444,-0.0074888275984129719,-0.012419374958724375,0.21037499999999998,-0.036468048780487913,-0.065628571428571494,-0.048941988950276301,2,0
1,1,3,-0.013869682349446284,0.006745168576926302,0.0020123028029990189,0.0,-0.0046663748746385838,-0.0086330589519500768,-0.01093154428611052,0.067699999999999427,0.039036585365853319,0.010421428571428646,0.039710055248618821,0,0
3,0,0,-0.0062693774073723299,-0.0056456542845840932,-0.0037697782348528673,-0.0059413706330271928,-0.0096407745178798479,0.00059870390473371548,0.0059562590327775968,-0.026049999999999685,0.043108048780488177,0.066028571428571575,0.054371325966850945,2,0
3,1,5,0.010339155893285943,0.015748864805156533,0.031672399430306669,0.023810793693123156,0.016068096706321422,0.012243835237197565,0.014789018592003534,0.042850000000000499,0.076865609756097714,0.059185714285714397,0.052501988950276197,1,1
4,5,3,-0.0038979906420942086,-0.0022783789692299582,-0.0026020413389927178,0.0052415663438440101,-0.0013027155293264866,0.008549458062422164,0.035098039910553901,0.019050000000000011,0.23504195121951213,0.10680000000000003,0.092830303867403346,4,1
7,2,5,-0.0020725313506600469,-0.0051616771658094304,-0.0048201826177133303,-0.0020725313506600469,0.0024239953703871311,0.0010358588905768653,0.0052118500242707821,0.030949999999999811,0.012359268292682952,-0.044892857142857068,-0.027869834254143674,0,1
3,2,1,0.0020775119338688431,-0.0055029374275572989,-0.011960409394697134,-0.019662351437836224,-0.019662351437836224,-0.024291827856424232,-0.023634636245684022,-0.15237500000000015,-0.10912560975609743,-0.055099999999999989,-0.039855524861878357,1,0
5,2,4,0.0022382045603841949,-0.0035013651957565878,0.00095703811920033364,0.00416611536882679,0.0025607067008546341,0.0025607067008546341,0.00095703811920033364,0.0023749999999997939,-0.0024658536585369043,0.0067500000000000017,-0.018414254143646464,0,0
1,3,3,-0.0025993920888369225,-0.0096836468875713261,-0.015089599846674151,-0.015089599846674151,-0.012233003710403227,-0.011279383773903919,-0.010959968106458539,-0.070349999999999469,-0.00011512195121922657,-0.031492857142857086,-0.035994419889502707,0,0
4,1,0,0.016631049092682631,0.038215276985666034,0.068853216216322025,0.036748904632814702,0.037481572668277612,0.041533802236699668,0.028029184988856176,0.1349499999999999,0.066848048780488015,0.036564285714285764,0.019600773480663049,2,1
2,3,0,-0.0057975692819213533,-0.01032766393640166,-0.0097262502652614349,-0.0088211630676149934,-0.0012258121005166156,0.0071055798257775278,0.010227276454631567,0.035449999999999982,0.095007073170731607,0.15052857142857157,0.099950662983425406,3,0
0,0,1,0.0035660718637272981,0.011110611619631889,0.0097906831375772323,0.015052419634798251,0.02405368300131679,0.044995461140933377,0.037689512236670178,0.14572499999999966,0.098376829268292734,0.055707142857142955,0.077629861878453083,1,0
5,0,1,-0.014955092207125029,-0.023071787483748586,-0.02755829774433988,-0.0076985948369090616,-0.015934816618647572,-0.0083639774725451314,-0.014298528311653373,-0.0070250000000005031,-0.065501463414634031,-0.04488571428571448,-0.046657955801105051,4,0
0,0,2,0.025306385884860394,0.027797839366856144,0.020351920175661276,0.02070640094136976,0.055298934033678325,0.07174011955379124,0.061357509652659598,0.18935000000000013,0.085629756097561127,0.24148571428571433,0.19046704419889496,3,1
4,0,0,0.00034741029903433542,0.034249961378031858,0.050363211321524347,0.040187692761864853,0.03204174599381835,0.0327780970268697,0.034249961378031858,0.20552500000000062,0.21999926829268304,0.30812857142857147,0.1917166850828729,0,1
4,2,1,0.0079660661430537294,0.019076702671115459,0.019509113367844472,0.010934760758280638,0.0075433896330810869,0.0025034306271558269,0.00041636981041296209,-0.0022500000000000853,-0.020820731707317117,-0.1188642857142858,-0.083441546961326066,2,1
3,1,0,0.0,-0.012722475549323523,-0.0068926557686910918,0.0023200608164318549,-0.0036216514873367404,-0.0075414620636764396,0.0076605838626646067,-0.025400000000000311,0.028974634146340866,-0.026392857142857298,-0.0013587569060775212,0,1
0,0,0,0.00386338590885294,0.0030908812625419857,0.02363246676616565,0.032578963722859934,0.030941124035411143,0.03918727261515683,0.038775492233454147,0.15432500000000005,0.12365560975609768,0.10460714285714293,0.097609198895027685,4,0
2,2,0,0.053002256952561486,0.064709522704417155,0.063443551121852043,0.091576011526310841,0.10325218096073603,0.076245047612427827,0.076675358539765259,0.26790000000000003,0.045001707317073078,0.060885714285714244,0.080489668508287371,0,1
1,4,2,0.041648467642134465,0.074773023875916611,0.04775982792549547,0.017081221318430356,-0.0071467601065075244,-0.027982864687925834,-0.040662057406243367,-0.27005000000000035,-0.18287804878048791,-0.13207857142857143,-0.10371113259668509,3,1
1,5,4,-0.020028566894143795,-0.012031999999999972,-0.0082235785415997499,0.00012957563977978771,-0.021116043119847713,0.018977524010693421,0.018977524010693421,-0.087499999999991473,1.3637804878048814,-0.35928571428571232,-1.0942071823204402,0,1
1,0,0,0.008160000000000037,0.012046257629296498,0.02057013281503085,-0.0011097019657576599,0.03980329383808047,0.03980329383808047,0.035020861394921075,2.3774999999999977,0.75173170731707517,-0.5978571428571432,-1.645160220994476,4,1
1,3,0,0.065052625118905125,0.086115717996057148,0.073020681979781579,0.035873101143044685,0.037762363212342269,0.0094227133924675056,0.022055359246171826,-2.1424999999999983,-0.54890243902439295,0.17714285714285438,0.84164364640883937,3,1
2,1,1,0.065052625118905125,0.086115717996057148,0.073020681979781579,0.035873101143044685,0.037762363212342269,0.0094227133924675056,0.022055359246171826,-2.1424999999999983,-0.54890243902439295,0.17714285714285438,0.84164364640883937,3,1
2,0,1,-0.0558256137454523,-0.12418467472066252,-0.14595835292165601,-0.14392238392238396,-0.1681122723844414,-0.14774953776526759,-0.181885612863917,-11.037500000000009,-5.7490975609756116,-3.8264285714285751,-1.8414364640883982,3,1
3,5,0,-0.072400884805172788,-0.095461961782030466,-0.093305613305613377,-0.11892576231009598,-0.097359052901730359,-0.13351347055551149,-0.14698135350110839,-2.4375,-2.3399512195121961,-1.6664285714285703,-0.099933701657459004,2,0
5,2,0,-0.024861038135007351,-0.022536382536382522,-0.050156233164529697,-0.026906200844440765,-0.065882539934832715,-0.080401616899204553,-0.078382687331747747,-3.9699999999999989,-1.047463414634147,0.18571428571428733,0.67318784530386888,0,0
2,0,5,0.015270275758437313,-0.027276264591439652,-0.023438415563107932,-0.085993199517385044,-0.098777893939940076,-0.08169562502295856,-0.070496374790853245,-7.7899999999999991,-3.9149756097561013,-0.82428571428571373,-0.31228729281767958,1,1
2,1,2,-0.028646690813302567,-0.011791504756800153,0.060007186489399886,0.061456534254461653,0.063522964885716363,0.063254640475761445,0.091703056768558847,6.5799999999999983,5.4345365853658532,3.4264285714285712,3.0429419889502753,2,1
2,4,3,0.012855708068296057,0.025559322033898376,-0.003819558775106909,0.01346643440975492,0.087100251527129025,0.088586643638457127,0.090705890835676775,5.0999999999999943,3.8249999999999971,2.6571428571428561,2.8966629834254141,4,1
5,0,1,0.017352271204609429,0.091268415379087225,0.092760506620610139,0.094887879443362869,0.094611641737249966,0.12389904522241121,0.15405076759385911,5.2674999999999983,5.3545853658536551,2.8942857142857128,2.6864530386740322,1,1
2,2,4,-0.0049148099606815205,-0.0092323752976869611,-0.016674761210943932,-0.012486180659426518,-0.043615178712013924,-0.041381269530633542,-0.037553478054191167,-3.0875000000000057,-0.50434146341463548,-0.72857142857142776,0.093997237569061212,1,1
2,3,2,0.0099669239250275241,0.0088990704436317982,0.055394257799898525,0.071692638869390202,0.066750512390534672,0.042186220078274238,0.04318316403225067,3.0174999999999983,2.1015609756097571,2.0042857142857144,1.7780828729281766,4,1
1,4,0,0.014214940258394726,-0.042404231251337396,-0.1117350121944302,-0.13381820193025631,-0.13175329175329167,-0.15628703803469449,-0.13563484835941159,-12.980000000000004,-8.4169756097561006,-4.7507142857142854,-3.3508784530386748,4,1
2,7,5,0.035342509096661971,0.044697018070365871,0.059547323770359241,0.00039744412852747653,-0.072032215983211328,-0.095102458449710978,-0.092945252945252868,-9.1424999999999983,-6.7033414634146355,-3.8392857142857144,-2.3784337016574573,1,1
2,2,5,-0.0039477176220806716,-0.012335526315789474,0.011487670125320123,-0.027404360079038514,-0.038861679311117468,-0.00756924704171356,0.0051891529963174138,-2.7374999999999972,0.26673170731707402,2.2299999999999978,2.0590441988950268,1,1
6,1,0,0.022654807853666626,0.034722811783682729,0.025278654048370097,0.061718715971949945,0.061071692856831943,0.060425457867490262,0.053960567277758519,2.157500000000006,1.2768048780487802,1.3450000000000009,1.8618922651933714,3,1
3,2,1,-0.011780146611607308,0.020393997487935342,0.033511884834281858,0.046474576271186369,0.016496542640763882,0.034135066327214254,0.10927057132590717,2.1724999999999994,3.9014634146341471,4.4078571428571411,2.9069198895027615,1,0
0,0,1,0.022822963309496708,-0.046686184128566122,-0.076735137091665906,-0.043707823044238973,-0.046062268208308756,-0.061562988625563482,-0.060612570586791065,-5.4025000000000034,-5.1348536585365885,-4.0221428571428577,-3.0910939226519338,4,1
0,8,1,0.022822963309496708,-0.046686184128566122,-0.076735137091665906,-0.043707823044238973,-0.046062268208308756,-0.061562988625563482,-0.060612570586791065,-5.4025000000000034,-5.1348536585365885,-4.0221428571428577,-3.0910939226519338,4,1
7,4,2,0.022822963309496708,-0.046686184128566122,-0.076735137091665906,-0.043707823044238973,-0.046062268208308756,-0.061562988625563482,-0.060612570586791065,-5.4025000000000034,-5.1348536585365885,-4.0221428571428577,-3.0910939226519338,4,1
0,3,0,-0.0027841052897999165,0.034000116638479107,-0.0063887020847342877,-0.0020544282779387086,-0.0011548970451535679,0.018555753432527248,0.03826896612303473,0.14499999999999602,1.618560975609749,-1.308571428571432,-0.5375662983425441,2,1
3,0,2,-0.034270270270270291,-0.006478520784095605,0.012668272637097832,0.028791892203155593,0.051405031631602087,0.049798748420836113,0.047828509427876024,7.5374999999999943,5.8504390243902451,4.0671428571428567,2.5631629834254133,4,1
5,2,2,-0.034270270270270291,-0.006478520784095605,0.012668272637097832,0.028791892203155593,0.051405031631602087,0.049798748420836113,0.047828509427876024,7.5374999999999943,5.8504390243902451,4.0671428571428567,2.5631629834254133,4,1
0,4,3,0.0043621422339797126,0.0052674572547252319,0.025104842879301457,0.044944807191169223,0.046262093227792352,0.050883392226148329,0.046660996568612979,3.5574999999999903,0.63387804878049003,-1.7485714285714298,0.57927624309392256,4,1
1,1,3,0.0043621422339797126,0.0052674572547252319,0.025104842879301457,0.044944807191169223,0.046262093227792352,0.050883392226148329,0.046660996568612979,3.5574999999999903,0.63387804878049003,-1.7485714285714298,0.57927624309392256,4,1
2,4,1,0.022822963309496708,-0.046686184128566122,-0.076735137091665906,-0.043707823044238973,-0.046062268208308756,-0.061562988625563482,-0.060612570586791065,-5.4025000000000034,-5.1348536585365885,-4.0221428571428577,-3.0910939226519338,4,1
0,3,1,0.022822963309496708,-0.046686184128566122,-0.076735137091665906,-0.043707823044238973,-0.046062268208308756,-0.061562988625563482,-0.060612570586791065,-5.4025000000000034,-5.1348536585365885,-4.0221428571428577,-3.0910939226519338,4,1
5,0,5,0.019776574772350324,0.0074813738522891112,-0.027397260273972622,-0.025623392931890192,-0.052232077940962733,-0.040371024734982434,-0.048551909377554582,-6.0700000000000074,-0.86346341463414744,-0.71071428571428485,-0.41581491712707114,2,1
3,1,2,-0.00907872288569345,0.01780517570485339,-0.0076880834706204836,0.0057202931263719914,-0.012927895120174773,-0.0059898539209095906,0.029140958709064954,-0.31999999999999318,0.26212195121951531,-2.4378571428571427,-2.2864392265193372,2,1
3,0,0,0.027167277167277185,0.045518098493086724,0.044341855142181044,0.071101738749850693,0.070164977141721235,0.080083453699245619,0.068550787917278533,2.6324999999999932,1.1369024390243896,1.3085714285714281,1.6877430939226519,3,1
2,4,2,0.0070289102133120054,0.042619838633127571,0.052040099610497263,0.066994786775896126,0.0074291479409337091,-0.065509613748511206,-0.088742014877907227,0.032500000000013074,-3.7434146341463403,-3.2157142857142844,-2.5948453038674013,2,1
2,1,1,-0.016393442622950755,0.01250242922847708,-0.007776543405808565,0.00032000000000007278,0.0041760359781561557,0.012633624878522948,-0.0088776157260620006,1.6274999999999977,1.5000731707317083,-0.23357142857142726,-0.37260220994474996,2,0
6,1,4,-0.0091717730776833106,-0.0074452496930814448,-0.015090187448422224,-0.015631750520403824,0.006869677004660164,0.024108200874433074,0.028183459140137861,1.0075000000000003,1.6435609756097553,1.7099999999999997,1.9987237569060761,0,0
0,0,0,0.012693375644585588,-0.0015643332029721688,-0.0021280291844001592,0.0088693743139407703,0.032302992182586025,-0.019082991803278684,-0.035876132930513525,1.0774999999999935,0.42946341463414434,1.2978571428571419,1.971734806629833,3,1
2,1,5,0.038947821662034747,0.074618405603465748,0.11713455953533403,0.15515515515515518,0.16981797346731911,0.1533481075913615,0.15269695127247471,7.1450000000000031,2.5908048780487802,2.6521428571428567,2.7921187845303868,2,0
1,3,0,0.034034034034034003,0.047159416457314196,0.032416460261591312,0.031833579431946549,0.043205268935236019,0.067436427351963299,0.014301571038251342,0.50500000000000256,0.32741463414634303,1.7564285714285717,1.7514502762430935,4,1
1,2,4,0.034333373820802419,0.075255692579654004,0.11185098141619876,0.12596412358411571,0.11011167600921221,0.10948493007904113,0.12171240395170142,4.2150000000000034,1.2004390243902443,2.2742857142857145,2.2037154696132606,1,1
4,5,3,0.0049723756906077804,-0.017046571035566904,0.0049723756906077804,0.031604454526706516,0.018217902396824654,-0.00074910107870558172,-0.0070467966850279763,0.64750000000000085,0.24136585365853488,-0.35214285714285765,-0.43659116022099415,4,1
1,0,4,0.013343995202158966,0.018382722250125549,-0.0039300451955198044,0.018382722250125549,0.045370179418436699,0.03180499720116025,0.012584898122253205,1.5324999999999989,-0.069804878048778274,-0.97214285714285609,-0.456436464088398,0,0
0,0,1,0.019879404560015069,0.03002045768114564,0.072897566777342826,0.090405439435910284,0.12089049961170072,0.10234215885947044,0.10088477575511036,4.7824999999999989,-0.16731707317073205,-0.46499999999999936,-0.34534254143646442,4,1
3,1,1,0.034333373820802419,0.075255692579654004,0.11185098141619876,0.12596412358411571,0.11011167600921221,0.10948493007904113,0.12171240395170142,4.2150000000000034,1.2004390243902443,2.2742857142857145,2.2037154696132606,1,1
2,5,2,0.0037881305243569695,0.051298113732860064,0.018819561551433335,0.02060950064193515,-0.071094710947109493,-0.1385387554896482,-0.12935208669587273,-3.0324999999999989,-4.3834390243902437,-3.7200000000000006,-2.9491519337016578,4,1
1,3,0,-0.042011019283746516,-0.079569892473118312,-0.075593952483801255,-0.1015300149368213,-0.11496401161172305,-0.12288168991881455,-0.11619410690175519,-4.7875000000000014,-2.0839756097560986,-1.586428571428572,-1.7446988950276252,2,0
2,1,2,-0.016547861507128309,-0.017848062646191352,-0.1204863166522472,-0.12084660901228941,-0.10358750638139877,-0.11370623594732254,-0.11276986678915932,-4.7674999999999983,-2.6016829268292674,-1.6135714285714289,-1.5534502762430937,4,1
2,1,0,-0.00040964952207544374,0.019213811667517587,0.0077088973523608811,0.0087735415709693388,0.021631931522143679,0.0079864139165557856,0.0037478861008273761,1.1849999999999952,-1.2883902439024415,-0.25214285714285722,0.16504696132596641,1,0
1,0,0,-0.0044937761200736981,-0.013888270643222811,-0.014458581724352701,0.021911615462681059,0.025886820413077723,0.033062861406454036,0.03528367137115624,1.6475000000000009,1.3337317073170729,1.8478571428571431,0.29584806629834298,3,1
0,0,5,0.038947821662034747,0.074618405603465748,0.11713455953533403,0.15515515515515518,0.16981797346731911,0.1533481075913615,0.15269695127247471,7.1450000000000031,2.5908048780487802,2.6521428571428567,2.7921187845303868,2,0
3,0,0,-0.035098366459313197,-0.045906886032904971,-0.06480074506151659,-0.056615901898734257,-0.057082138974004208,-0.059035312684947716,-0.046479084412014648,-1.1525000000000034,-0.21560975609756175,-0.16928571428571462,-0.69874309392265221,1,0
3,0,2,0.023558384833418489,0.043140597622768451,0.07632170429004205,0.057563973306447788,0.061027888830017758,0.062717097645696648,0.054173047473200578,1.8999999999999986,0.16482926829268385,-1.8249999999999988,-1.9713204419889501,4,1
2,2,2,0.01030496416801799,0.046715803164968435,0.043887147335423066,0.023746422135057722,0.050073397488174735,0.050987647602981856,0.064425461559658295,1.8099999999999952,0.22831707317072938,0.22499999999999837,-0.54712154696132709,2,0
1,6,0,-0.039205955334987663,-0.035055657085894656,-0.062129102579629461,-0.076152224917485203,-0.084417119886498054,-0.077436263998093877,-0.08445320197044337,-2.9849999999999994,-0.71092682926829254,-0.42999999999999872,-0.73258563535911547,1,0
0,0,0,-0.0021738185296291466,0.032572996805686691,0.040861678004535107,0.0050359082150988671,0.01886708692177928,0.014408839779005485,0.041333938294010823,1.1875,0.66521951219511988,1.145,1.6287320441988937,1,0
1,3,3,-0.089852398523985147,-0.15593452347002795,-0.1469333640765505,-0.19033811139074291,-0.24855285873870209,-0.2259937238493723,-0.2198734844491301,-8.5850000000000009,-3.8420487804878047,-3.0278571428571444,-2.5846077348066303,0,0
3,4,4,0.010585224068370126,0.030615405034729849,0.0305242203052421,0.0021510002151000217,0.010716765012148554,0.0060462103217446654,0.066498798214489993,0.0075000000000002842,2.2101341463414634,1.6464285714285702,1.4359986187845297,1,1
4,1,4,-0.047113717069947957,-0.095905974534769789,-0.11487419453820195,-0.094984117024197026,-0.050915073000205611,-0.048410374829903846,-0.031070243943401677,-0.24249999999999972,-0.12046341463414409,-1.712142857142855,-1.2205303867403323,4,1
1,2,2,-0.0042555399865067895,-0.060611995104039147,-0.051134958706295447,-0.071566824736281773,-0.089001258219974858,-0.09044797345342491,-0.091868610374857995,-4.4812500000000028,-3.2984512195121951,-2.02,-0.37045165745856368,3,1
5,0,1,-0.013800873116462459,-0.078956597983340607,-0.074534161490683176,-0.050698115765216205,-0.03130763555883434,-0.041778791334093485,-0.025466184247147271,-0.96249999999999858,-2.06690243902439,-2.5264285714285717,-2.5151823204419888,2,0
6,3,3,-0.012422066880785922,-0.0047598648198391167,-0.018495047645871461,-0.083340640070144634,-0.078939253777366589,-0.055216664407392341,-0.035918480265584619,-3.822499999999998,-1.0372195121951215,-2.5607142857142855,-2.3529254143646421,4,0
4,2,3,-0.012422066880785922,-0.0047598648198391167,-0.018495047645871461,-0.083340640070144634,-0.078939253777366589,-0.055216664407392341,-0.035918480265584619,-3.822499999999998,-1.0372195121951215,-2.5607142857142855,-2.3529254143646421,4,0
5,2,0,-0.066067514248136755,-0.061583190167833972,-0.037413582757218386,-0.017751752120988538,-0.028369441277080954,-0.011828555524631279,-0.034709320766686286,2.2124999999999986,-1.2252682926829286,-1.3250000000000008,-1.6898535911602215,1,0
5,0,0,0.018177941254864313,0.011813317794140963,0.0022563887285512244,0.032432432432432434,0.0031249179380793512,-0.016984045290787498,-0.05314297045409478,-0.70374999999999943,-0.92247560975609721,-0.24857142857142783,-0.68161740331491694,3,1
1,0,3,0.018177941254864313,0.011813317794140963,0.0022563887285512244,0.032432432432432434,0.0031249179380793512,-0.016984045290787498,-0.05314297045409478,-0.70374999999999943,-0.92247560975609721,-0.24857142857142783,-0.68161740331491694,3,1
2,0,2,0.032057695514423869,-0.0033413848631240438,0.0037299817555239709,-0.003461739725476044,-0.036355143824685805,-0.059098510185466746,-0.051673944687045156,-4.2575000000000074,-2.3927073170731727,-0.74000000000000099,-0.35668232044198872,4,0
0,1,5,0.011916859122401905,-0.027737096702613942,-0.057152694095369258,-0.054752556413685968,-0.054181237318136607,0.051499880009599319,0.024743907572851959,-3.7824999999999989,0.2813414634146334,0.45785714285714263,-0.02554972375690583,2,0
1,0,3,-0.026596683133380386,-0.048585963097085745,-0.086018388138822205,-0.10343286613853345,-0.10857535242557659,-0.079998332499583116,-0.11155394524959746,-5.2124999999999986,-3.3525121951219528,-2.4214285714285717,-1.3051353591160226,4,0
0,3,0,-0.078207073654721584,-0.086277383523603743,-0.087298223985822695,-0.090975366433888455,-0.071705654167156505,-0.05771219473391135,-0.013861138861138912,0.44999999999999574,1.1429512195121936,-0.16500000000000017,-1.091088397790055,4,0
4,1,5,-0.012233592367469442,-0.020037403152551429,-0.017675415104445653,-0.013637585955207296,-0.012309586090167675,-0.0098719728520746657,0.034780155563615828,-0.0049999999999954525,2.2110729268292659,2.4950000000000006,2.1131822928176791,1,1
2,6,4,-0.0090003829950210425,-0.013534121235226855,-0.045599151643690293,-0.034334763948497916,-0.074694917527155721,-0.093218854038899596,-0.097252507631923293,-3.7075000000000031,-3.8430487804878046,-2.8450000000000006,-2.2854668508287292,4,1
1,3,0,0.053466814979607029,0.07678314257560824,0.079278252611585956,0.08550469931993579,0.082155779851456834,0.10647246670301438,0.11708736337186444,1.7874999999999943,1.1774878048780484,0.7414285714285711,1.6221905801104965,1,1
1,1,0,0.02441478162564701,0.011510850307741158,0.0070555368631410121,0.023629146759801503,0.0096084063333709072,-0.022330664079899379,-0.02213707960834399,-3.5349999999999966,-4.796975609756104,-2.086428571428574,0.16088950276242769,4,1
1,0,3,0.0075528242095351085,0.032152006388914821,0.01915061394615291,0.01466165030230732,0.031360437761034698,0.017233801146875751,-0.01494649945064193,5.7000000000000171,-2.329609756097561,-0.57642857142856685,1.3862430939226531,0,1
1,1,1,-0.0018648135604559331,0.0064080944350758083,0.032383061168004275,0.047486156087372333,0.059743765038044558,0.056395369419761206,0.049512437460981759,17.379999999999995,7.70985365853657,5.3692857142857031,4.5835690607734803,1,0
3,1,3,-0.012237093690248644,0.00093001627528475482,-0.026181300268096518,-0.027997290584782134,-0.019940978077571746,0.0053539302518681034,0.020061606508174623,-2.3125,4.2520000000000024,3.4014285714285637,4.2978204419889492,4,0
1,1,2,0.012453099695210884,0.010075566750629686,0.028352200743798274,0.0428642476739126,0.036143710109120875,0.055418073527252927,0.039783057851239659,5.6825000000000045,2.1090243902439085,0.10999999999999741,0.72238950276243252,2,1
2,2,0,-0.0064589665653495007,0.0058949676401858983,0.0067856970980316221,0.019821190051380975,0.016817342276659816,0.018629427288751364,0.021035677680706674,6.0249999999999773,5.7683170731707314,6.2614285714285689,3.3841104972375646,3,0
1,2,0,0.0075528242095351085,0.032152006388914821,0.01915061394615291,0.01466165030230732,0.031360437761034698,0.017233801146875751,-0.01494649945064193,5.7000000000000171,-2.329609756097561,-0.57642857142856685,1.3862430939226531,0,1
0,0,5,-0.0021789217986009357,-0.0044208664898320073,0.00073191133416985099,0.0065518945807523828,0.01971020669081611,0.018419008501899425,0.0020940215684221546,5.147500000000008,-0.98517073170731284,-1.6707142857142847,-0.35121270718231701,1,1
4,1,1,0.0051756587202008006,0.01102148558688361,0.024238227146814405,0.022941295395779972,0.0065438174013192334,-0.0034209298709375986,-0.012186475683562657,0.32499999999998863,-3.0757560975609781,-0.6785714285714286,-1.2782044198895059,4,1
0,1,0,0.00092389885316040976,0.0033421248666170547,0.016677717141837124,0.025897029458385741,0.026816528789392984,0.038402233705617614,0.039864787321724833,6.2775000000000034,4.3203658536585312,3.3385714285714294,2.5712955801104953,1,1
3,4,2,0.001337194104281073,-0.0007524831945419885,0.00017072044025796137,0.0025871267792788762,0.015912684245422574,0.025125059184387757,0.026043866607601024,3.5674999999999955,5.3035853658536585,3.2621428571428543,2.8386574585635387,3,1
1,1,0,0.00092389885316040976,0.0033421248666170547,0.016677717141837124,0.025897029458385741,0.026816528789392984,0.038402233705617614,0.039864787321724833,6.2775000000000034,4.3203658536585312,3.3385714285714294,2.5712955801104953,1,1
0,5,0,-0.014020740241126282,-0.010818263326171878,-0.0061949760358951389,0.00095004964223366719,-0.0045030474309645917,-0.0069207384385454257,-0.015083629503613064,2.8349999999999795,1.310682926829253,1.8792857142857105,0.55825690607734535,4,1
1,3,1,-0.018002821566582738,-0.022559374809206868,-0.023116037831790812,-0.0076653684438888411,0.0038143209463696978,-0.021832771560371014,-0.029570435625959731,5.3149999999999977,-0.91597560975609915,-4.8442857142857179,-2.6424640883977952,3,0
1,1,0,-0.00049336526502967199,-0.0035556921815760091,0.0063437855738383477,-0.010662217293546732,-0.014372447066216706,-0.024643931795386209,-0.036367960520448349,-3.4250000000000114,-3.1528536585365838,-0.56714285714286106,0.7695911602209935,3,1
1,2,3,0.0089922339797446418,0.14234443610336989,0.14178084303789656,0.13828261092325025,0.14959122425747692,0.13016451150156164,0.12592615116408701,33.662500000000023,11.764439024390244,7.8542857142857168,7.6619033149171267,0,1
2,1,5,-0.0014475969889981807,-0.0064545168114505521,0.0024796766428993307,0.13497115473607368,0.13441119939151627,0.13093554667486432,0.14217116837421104,33.092500000000001,12.714292682926828,7.8771428571428554,7.507030386740329,2,1
4,2,0,0.13216375471756334,0.13160518444666011,0.12813812890665036,0.13934595881196327,0.12009237875288692,0.11589179108259599,0.10426278836509534,-2.6200000000000045,-3.3379756097561106,-1.2250000000000065,0.49251104972375309,4,1
1,4,1,-0.0081255827774532503,-0.022548039542374804,-0.0089887180327197242,-0.026137346827904001,-0.035606830454101672,-0.033256766203934841,-0.034153836943615755,-6.9525000000000148,-1.540634146341473,-0.16999999999999968,-1.6163591160221027,4,1
1,0,5,-0.031626210736833839,-0.055659655831739985,-0.061759118541033421,-0.050092800061546081,-0.049251648298763245,-0.036941706396794387,-0.039778361038203626,-4.7275000000000205,0.70002439024390295,1.6835714285714241,2.6569337016574557,0,0
2,2,5,-0.0014475969889981807,-0.0064545168114505521,0.0024796766428993307,0.13497115473607368,0.13441119939151627,0.13093554667486432,0.14217116837421104,33.092500000000001,12.714292682926828,7.8771428571428554,7.507030386740329,2,1
2,0,3,-0.014020740241126282,-0.010818263326171878,-0.0061949760358951389,0.00095004964223366719,-0.0045030474309645917,-0.0069207384385454257,-0.015083629503613064,2.8349999999999795,1.310682926829253,1.8792857142857105,0.55825690607734535,4,1
0,2,1,-0.0081255827774532503,-0.022548039542374804,-0.0089887180327197242,-0.026137346827904001,-0.035606830454101672,-0.033256766203934841,-0.034153836943615755,-6.9525000000000148,-1.540634146341473,-0.16999999999999968,-1.6163591160221027,4,1
3,1,0,0.013872110403570987,-0.0036721060785931078,-0.0133600334748042,-0.010955757515230116,-0.011873522045837758,-0.0022768716186945172,-0.0048634906598871734,-6.3625000000000114,-0.27790243902439871,-2.3778571428571484,-0.97395856353591248,2,0
2,0,5,-0.027086126005361873,-0.028900428990742789,-0.020851602023608785,0.0044198034874065005,0.019113814074717614,0.031039411884827478,0.027781711332176752,13.527499999999975,6.5324634146341438,5.0307142857142741,4.7144668508287246,2,0
1,1,3,0.011639318072894004,0.013976576081983614,0.0356775700934579,0.046904891240169,0.048402928063764561,0.046213033113833187,0.045374148055562127,7.6825000000000045,2.8721707317073313,1.7057142857142853,1.4449198895027646,4,1
2,1,1,0.011568365171592244,-0.014276840358041143,-0.022074274630243293,-0.024469146502464019,-0.019836367686668452,-0.019180885988732573,-0.028015142234584119,-7.6650000000000205,-6.9441951219512221,-4.9107142857142936,-2.5216795580110483,4,0
1,1,4,-0.0077711818672422973,-0.0096818065523880548,-0.017067400863393943,-0.024330706572209291,-0.01390434561081226,-0.0015341379638051989,-0.0029419340844076937,-1.152499999999975,2.5853414634146401,1.3657142857142861,1.2742292817679588,4,1
2,2,4,0.0017332829421499579,-0.0022844682121440137,0.005152212574537008,0.012247155499367829,0.038252694707836855,0.03363141262690781,0.024101682721131831,6.7475000000000023,-1.1081707317073131,0.78071428571429025,1.2926381215469638,4,0
2,2,2,-0.019969940534535678,-0.028829342209213463,-0.027910292973813811,-0.014094321513561875,-0.021491766056841645,-0.026901116013495999,-0.027683410699930008,-0.29750000000001364,0.37878048780487739,-0.15571428571429027,1.0754254143646418,4,1
0,0,4,0.036780424202913914,0.1359634551495017,0.12740491616796076,0.10856244326287127,0.092063238581922668,0.10209508460918618,0.083755942947702097,8.3474999999999966,3.1866341463414671,4.5471428571428634,3.5516077348066291,0,1
1,1,3,0.036780424202913914,0.1359634551495017,0.12740491616796076,0.10856244326287127,0.092063238581922668,0.10209508460918618,0.083755942947702097,8.3474999999999966,3.1866341463414671,4.5471428571428634,3.5516077348066291,0,1
0,1,1,0.095664451827242578,0.08740953228811181,0.069235507716249575,0.0533216224848291,0.062997582594681759,0.045309033280507179,0.042022780770628321,-4.625,-2.8314146341463404,0.52857142857142692,0.12268232044198911,4,1
4,1,1,-0.051371034752431648,-0.056249164225191141,-0.070475825570535583,-0.073703301554725598,-0.052100758251016448,-0.041958732352650803,-0.05059374579608409,-0.15749999999999886,-0.52482926829268639,-1.5049999999999955,-1.0022624309392227,4,0
1,2,0,-0.051371034752431648,-0.056249164225191141,-0.070475825570535583,-0.073703301554725598,-0.052100758251016448,-0.041958732352650803,-0.05059374579608409,-0.15749999999999886,-0.52482926829268639,-1.5049999999999955,-1.0022624309392227,4,0
3,1,4,0.011768426878928933,0.02010337359322889,0.042176279745340592,0.043706412539594036,0.038033558226632951,0.030717181752275589,0.031312547855406228,4.7999999999999829,2.5936097560975488,0.35928571428571232,1.7431629834254134,0,1
0,0,1,0.0082379984321227888,0.030054162650847718,0.031566497641349001,0.025959627371182018,0.018728351636549057,0.019316792713888472,0.017553505337123743,1.9375,1.9559756097560932,0.48571428571429059,1.9127734806629835,4,1
2,2,0,0.014450908159927131,0.049253401986024299,0.058283255434379358,0.082143561577326288,0.063094350871963092,0.062429243877733367,0.042962638005410538,8.0425000000000182,10.440512195121952,5.0057142857142889,4.7193453038674038,2,0
3,0,2,-0.0077711818672422973,-0.0096818065523880548,-0.017067400863393943,-0.024330706572209291,-0.01390434561081226,-0.0015341379638051989,-0.0029419340844076937,-1.152499999999975,2.5853414634146401,1.3657142857142861,1.2742292817679588,4,1
1,0,2,0.0065897396351807013,0.02113587551737366,0.056167708716439793,0.065257066547963358,0.089274605896008011,0.070099865851840776,0.069430375975689532,13.534999999999997,11.865243902439028,5.87357142857143,4.9586243093922659,3,0
3,0,3,-0.017603219555820459,-0.018217839480426649,-0.036206770490604653,-0.00075804666535271906,0.094833887043189416,0.086585225118288048,0.068424977305148543,17.224999999999994,4.6736341463414615,3.5821428571428555,4.1963977900552498,3,1
1,2,4,-0.0081787154824697877,-0.0068845532496583537,0.011927976295996099,0.024275204429519803,0.031041155979873492,0.026511842984123703,0.038288141979238279,7.6624999999999943,3.9770487804878041,2.3792857142857105,1.9875828729281759,0,1
3,5,2,0.023383599880624353,0.040090636597202446,0.052294306653669853,0.055915809302999567,0.042024167024167003,0.015114841450885583,0.010276940140723136,2.5474999999999852,1.1597317073170754,-0.56142857142857239,0.74388950276243226,3,1
0,0,2,-0.0026495259368391256,-0.0058387417689138091,0.0064745872450631004,0.003214857661878171,0.0025319176887891042,0.012520354622760986,0.012923544743701035,1.0875000000000057,3.8539268292682891,4.5099999999999989,4.2768535911602195,4,0
2,3,4,0.010686367841675532,0.023365056953174746,0.021922153983812528,0.035269880510918762,0.038722301841031891,0.053324390039406346,0.053353828954723237,5.0324999999999989,5.1922926829268183,2.8157142857142827,1.5419392265193346,0,0
1,0,1,0.012231735794506775,0.0075402260684293444,0.022464337863641468,0.018645703655005584,0.028079339309663283,0.034138028969042833,0.045195550771438837,2.772500000000008,2.4306097560975601,0.44357142857143117,2.5178950276243142,3,1
8,0,2,0.015836628249347968,0.04731238751924368,0.037459458298429879,0.060232236538841445,0.089062253387747745,0.11192707014434035,0.12406329997672796,7.9925000000000068,4.3651707317073205,2.5271428571428567,1.9759530386740347,4,1
2,2,0,0.097971711808867962,0.084277141745345771,0.08487704918032779,0.084654783855767121,0.096084967184944345,0.11344325733995107,0.14794336390641594,-0.20749999999999602,3.9944390243902452,3.1764285714285734,2.2466906077348052,4,1
0,0,1,0.097971711808867962,0.084277141745345771,0.08487704918032779,0.084654783855767121,0.096084967184944345,0.11344325733995107,0.14794336390641594,-0.20749999999999602,3.9944390243902452,3.1764285714285734,2.2466906077348052,4,1
0,0,0,0.097971711808867962,0.084277141745345771,0.08487704918032779,0.084654783855767121,0.096084967184944345,0.11344325733995107,0.14794336390641594,-0.20749999999999602,3.9944390243902452,3.1764285714285734,2.2466906077348052,4,1
1,1,4,-0.01012400971001674,-0.0064032337274753251,0.090941142311999595,0.077334261781391425,0.0779303278688524,0.077709485761114416,0.089066478954887021,10.852499999999992,7.4513902439024378,6.7635714285714243,5.4253011049723723,1,1
1,1,0,0.097971711808867962,0.084277141745345771,0.08487704918032779,0.084654783855767121,0.096084967184944345,0.11344325733995107,0.14794336390641594,-0.20749999999999602,3.9944390243902452,3.1764285714285734,2.2466906077348052,4,1
1,2,0,0.13711591506831741,0.16656246915205142,0.15576202118989396,0.14490085900665228,0.1348954832100899,0.14246584171178131,0.19269974768713194,-0.15250000000000341,2.6629512195121934,0.80857142857142805,0.13321270718231812,4,1
4,1,0,0.13711591506831741,0.16656246915205142,0.15576202118989396,0.14490085900665228,0.1348954832100899,0.14246584171178131,0.19269974768713194,-0.15250000000000341,2.6629512195121934,0.80857142857142805,0.13321270718231812,4,1
6,3,1,0.13711591506831741,0.16656246915205142,0.15576202118989396,0.14490085900665228,0.1348954832100899,0.14246584171178131,0.19269974768713194,-0.15250000000000341,2.6629512195121934,0.80857142857142805,0.13321270718231812,4,1
1,2,1,0.13711591506831741,0.16656246915205142,0.15576202118989396,0.14490085900665228,0.1348954832100899,0.14246584171178131,0.19269974768713194,-0.15250000000000341,2.6629512195121934,0.80857142857142805,0.13321270718231812,4,1
3,1,1,0.062279441754889975,0.077837954549543856,0.068018114391670187,0.045153973654366214,0.049530450627233831,0.065055828177227645,0.099480571921516672,-1.7125000000000057,2.5191951219512232,2.2407142857142861,2.0996077348066287,4,1
2,4,4,0.015992521242675729,0.079267968292812768,0.095075300933839604,0.085098416773641453,0.061868620779900615,0.066315088653724902,0.082088756133987542,6.4699999999999989,5.6439999999999912,3.9535714285714301,5.0232044198895016,0,1
2,1,0,0.14131131567476093,0.14186762442278095,0.13783935784038043,0.14271777361300103,0.18516348918947709,0.15298932753082581,0.16077715477898041,3.6075000000000017,0.82402439024390439,1.2671428571428578,1.1812306629834248,4,1
2,0,3,0.015836628249347968,0.04731238751924368,0.037459458298429879,0.060232236538841445,0.089062253387747745,0.11192707014434035,0.12406329997672796,7.9925000000000068,4.3651707317073205,2.5271428571428567,1.9759530386740347,4,1
1,1,3,0.0095909943714821561,-0.0049851333560154507,-0.0094542455747650567,0.011793020457280434,-0.00092089237441702243,-0.0039979861995440005,0.0022200700290546213,-1.7524999999999977,0.35882926829268541,0.046428571428569806,0.539331491712708,4,0
4,4,4,-0.0010374271805920954,0.014260249554367128,0.024369486587780865,0.0284089975517983,0.044855850291304282,0.10992888936177761,0.12618529247710383,6.8799999999999955,6.3666585365853603,6.1964285714285712,5.0085828729281765,4,1
5,2,5,0.00013975914840092771,-0.020954943451295144,-0.035340372949898939,0.10097694812687504,0.10151359671626473,0.097627690577227866,0.10233370131703939,9.8774999999999977,5.1439024390243926,3.4364285714285723,3.0620400552486169,2,0
0,0,2,0.0095909943714821561,-0.0049851333560154507,-0.0094542455747650567,0.011793020457280434,-0.00092089237441702243,-0.0039979861995440005,0.0022200700290546213,-1.7524999999999977,0.35882926829268541,0.046428571428569806,0.539331491712708,4,0
3,0,5,-0.01012400971001674,-0.0064032337274753251,0.090941142311999595,0.077334261781391425,0.0779303278688524,0.077709485761114416,0.089066478954887021,10.852499999999992,7.4513902439024378,6.7635714285714243,5.4253011049723723,1,1
3,1,5,-0.0050236267445329524,-0.062288242169583841,-0.080224070123499913,-0.086718446042336209,-0.06132997630331765,-0.043754432022209147,-0.045065541660388848,-9.5525000000000091,-3.4280731707317056,-0.22571428571428345,-1.9382983425414357,1,0
0,7,1,-0.083402516124912202,-0.082787487618621661,-0.089652110487425815,-0.062538780575422032,-0.054604136477407403,-0.052169319157366473,-0.06180344478216826,2.3850000000000051,0.2855853658536614,-0.68285714285714305,-0.50592265193370045,4,0
0,1,1,-0.083402516124912202,-0.082787487618621661,-0.089652110487425815,-0.062538780575422032,-0.054604136477407403,-0.052169319157366473,-0.06180344478216826,2.3850000000000051,0.2855853658536614,-0.68285714285714305,-0.50592265193370045,4,0
1,5,0,0.0095441457180757885,0.029733029733029895,0.018789689341626246,0.017942193514712598,0.040480160053351262,0.048063681859402817,0.044031049250535415,2.2974999999999994,0.3214512195121928,-0.25285714285714433,-1.474158839779006,0,0
3,5,3,-0.013567664784021743,-0.012227488151658783,-0.041923324446078901,-0.041012269938650321,-0.07680722891566262,-0.062775429445093983,-0.066887535816618979,-5.4274999999999949,-1.6265853658536584,0.032142857142856328,0.98205801104972468,4,0
4,1,2,-0.0018832391713747645,-0.028464166825534196,0.017860572306510378,-0.039994203738588682,-0.066868551709567264,-0.031503545062495447,-0.011599716534258377,-4.6225000000000023,-0.62771707317073455,0.011428571428573215,0.33004883977900451,4,0
2,3,1,0.046261576688502414,0.026915572898190816,-0.052724149214659635,-0.00592350946473793,-0.042422989456274512,-0.068273253942709999,-0.072081096241686071,-5.125,-3.1981219512195134,-1.4164285714285723,-0.65029005524861949,3,0
5,2,3,0.049405502854444741,0.010874508993177571,-0.016414547795300983,-0.020434329673852163,0.014439834024896223,-0.023954008304056213,-0.01949145744766188,-2.0075000000000003,-1.9558292682926814,-0.19142857142857192,-0.73479005524861996,0,0
2,1,2,-0.0040868659347704549,0.031369294605809138,-0.0076652826572979381,-0.0031282586027111619,-0.00072364718179628051,0.0034314319163537776,-0.0048046124279307678,0.21000000000000085,0.83034146341463511,0.54142857142857237,0.44074848066298422,2,0
3,0,4,0.0045720702655008679,0.0069952560906970359,0.011182431068588196,0.0028827674567584835,0.020992133045285848,0.038560411311053915,0.035726099900760776,1.0024999999999977,1.3832926829268308,0.24357142857142833,0.1801009116022104,4,0
0,2,4,0.0356016597510374,-0.003593101245608341,0.0009625411085265465,0.0033770201817158617,0.0075491502159783803,-0.00072069186418953555,0.017323604940284513,-1.677500000000002,-0.22912195121951162,-0.3614285714285716,-0.40927908839779042,1,1
7,0,4,-0.009736757992511719,-0.036805869110980209,-0.044568938886198749,-0.045588115953171165,-0.0061632373952733074,0.056670199453708568,0.050654203630063073,0.16227500000000106,1.7701512195121938,0.80750714285714154,0.82531240331491662,4,0
0,0,1,0.052697929966281372,0.033371520269316023,0.019383615661791451,0.031054562580814123,0.035698417679307773,0.049528611506838634,0.043146554369578129,-0.84140000000000015,0.29503146341463371,0.60063571428571549,0.55179331491712724,4,1
3,1,5,-0.0084328322235361214,0.070658980456970111,0.013597020591112492,-0.029806865903167407,-0.019495143574246858,-0.031157999035906877,-0.0013755182916961944,-0.47394999999999499,0.42339560975609808,0.21738571428571568,0.13415845303867496,1,0
2,0,0,0.017164272419788823,0.036119879273671093,0.036608356971335937,0.047636385992471983,0.067641212880645618,0.091726342555619303,0.094927162537853285,2.2969750000000033,1.7472356097560977,1.682778571428571,0.41745088397790014,0,1
6,0,5,0.01999370441941133,0.04268159829928498,0.027509374881708609,0.027700695201736344,0.0048006349872899397,-0.0062112621363886195,-0.014591715828432172,-0.61364999999999981,-0.94440317073170932,-0.12116428571428628,-0.23927364640883989,2,1
5,2,2,-0.017349038956292601,-0.012785657260806374,-0.013380875445179137,-0.03971611125046038,-0.033935124721511452,-0.012011217077032671,-0.006131933230871002,-0.7140500000000003,0.14335097560975726,0.37443571428571587,0.10902690607734915,4,1
8,2,2,0.026894084499309297,0.015014507589889967,0.058185981950728029,0.07319503200196123,0.1239443679250372,0.14963759334320043,0.1530936227570919,3.459975,1.6250480487804877,0.16107857142857135,0.45819527624309364,4,1
6,1,1,-0.004987989947655651,-0.0049189091615985938,-0.0084902057904684847,0.012690470100627816,0.038912229122812947,0.036588232316109581,0.048237463240107033,1.5216999999999956,1.225527560975608,1.2822142857142853,2.0988506906077347,4,1
2,0,2,0.025893162616193632,0.023598288836575231,0.03510153811948781,0.021166281138661539,0.042941222851778094,0.067001899822080047,0.11169725184999577,0.56377499999999969,1.1067970731707331,2.4594071428571431,1.7835829005524868,4,1
5,1,1,0.026894084499309297,0.015014507589889967,0.058185981950728029,0.07319503200196123,0.1239443679250372,0.14963759334320043,0.1530936227570919,3.459975,1.6250480487804877,0.16107857142857135,0.45819527624309364,4,1
0,0,5,0.0083630178319122946,0.010447270261864277,0.011747296183879204,0.029542521806931704,0.029249789314678632,0.051814524464330568,0.05771922119748206,0.90879999999999939,-0.58998073170731646,0.64200714285714311,0.69566044198895038,2,1
3,1,5,0.0020669663534798673,0.0033562103053357394,0.021003848416176148,0.020713543747047682,0.043091134704487312,0.04894685990338167,0.0020669663534798673,1.757674999999999,-0.80160146341463467,0.66982857142857155,0.67399198895027579,1,1
1,1,2,0.0042843016608108443,0.0064069382129943609,0.016003346615995218,0.018515541157035468,-0.047330663610542056,0.021794327251612223,0.034138328589064758,-2.0505499999999941,0.77026219512195382,0.93724285714285871,1.2411037845303874,3,1
1,3,0,0.019095200544435257,0.042085171107701616,0.045140448706905763,0.044562425262411928,0.053298119451427033,0.055475251224516749,0.056833209454520667,1.5030249999999938,1.4669909756097543,-0.1398142857142862,0.82166964088397743,1,1
5,0,5,0.018613683896026433,0.069747083085583361,0.081502042111106829,0.1279576713975073,0.32902707717736229,0.33122480256928388,0.31725386974475389,7.8173999999999992,3.5134960975609739,2.1053785714285707,1.8802766574585634,1,1
2,0,0,-0.011436155296148819,0.0047611936691737836,-0.028398506615792678,-0.017175555169000826,-0.021907430249987214,-0.033253782917387779,-0.029790780659536428,-0.43902500000000089,-0.015331219512194415,0.76191428571428532,1.0161706077348067,0,1
3,2,0,0.0011134198256639841,0.00025267127720017969,-0.00065665163315528608,0.016496349839117162,0.035439509462801375,0.035927666400788295,0.046948453848657125,1.6353499999999954,1.8073526829268265,1.5622285714285706,0.91063892265193347,3,0
7,0,1,0.041888727691458245,-0.027336989997946853,-0.0092321481924110393,0.040503417774939952,0.051937031603156401,0.097122703816406225,0.2926954772615642,0.30402499999999932,2.5383370731707315,1.572092857142857,1.4016589502762429,3,1
6,3,0,-0.017349038956292601,-0.012785657260806374,-0.013380875445179137,-0.03971611125046038,-0.033935124721511452,-0.012011217077032671,-0.006131933230871002,-0.7140500000000003,0.14335097560975726,0.37443571428571587,0.10902690607734915,4,1
1,3,0,-0.0049217796808045354,-0.00065856440885430777,0.0014536249938769394,0.011002801988991206,0.013502632061985136,-0.052019492192909238,0.016765280693783895,0.69097500000000167,0.89996341463414731,1.005664285714285,1.0049354419889498,4,1
5,2,1,0.0020231811684403279,0.0057212182774990144,-0.040661885030319062,-0.063413055299022081,-0.081021502189175199,-0.085032972536798354,-0.070837628910116496,-2.446550000000002,-0.64329585365853692,0.070392857142857271,0.27668892265193357,2,1
1,1,4,0.022859872918440442,0.025934784375376527,0.053326370652010367,0.015218499017300366,0.00054522758468966692,-0.032883392473512525,0.0012279409904615345,-0.79824999999999591,-1.5589899999999992,-0.63361428571428546,-0.85820654696132515,4,1
5,4,1,-0.0016369969815402355,0.0054329488050935933,-0.0029665532336884378,-0.0066347871565593337,0.013226263289558043,0.035763627822508123,0.02069206887799914,0.60420000000000584,-0.14814487804878032,-0.3697571428571414,0.030459337016574547,1,1
2,1,5,0.0016536347751388214,-0.008858515853275746,-0.0087627695800227001,-0.012565894441867629,-0.0052186794404583542,-0.034696599955220439,-0.01303982740527921,-0.17692500000000067,-0.23011487804878072,0.24777857142857179,0.25307436464088451,1,1
2,2,2,0.017221974604608864,0.041058198413243853,0.10134922226359955,0.12077308768656715,0.093552710027841407,0.074133571737885262,0.056169304566489817,1.7148250000000012,1.135140975609757,0.32355000000000039,0.3518449723756909,4,1
3,0,0,0.29806701757823512,0.25743266172402102,0.23622931074455875,0.23432034847120409,0.30190892768347122,0.2944373803775519,0.2793779214794116,0.04970000000000141,-0.31305317073170646,0.016328571428571439,0.081064060773480828,4,1
1,1,1,0.024927718899432953,0.037324170921999286,0.043834389198182638,0.080193364677835999,0.093317273929545475,0.11214635625594029,0.13820691149117162,1.6675250000000013,1.6871000000000003,1.3269142857142864,0.70448820441988969,4,0
9,0,3,0.002392582512805439,0.040397260547757198,0.049608245413287302,0.034403559582772456,0.055779969712539547,0.0031926562482435675,0.010452843312493434,0.78779999999999895,-0.020261707317073236,0.082364285714285862,0.039443756906077258,4,1
1,0,4,-0.0072751826638521241,-0.020225669999277659,-0.021228617466587694,-0.023373351968525961,-0.024371301177897237,-0.0081597502074639439,0.0010484564642009979,-0.29325000000000045,0.23796707317073154,0.31951428571428508,0.40114720994475084,4,0
4,1,1,-0.042089369258922052,-0.022975686539883047,-0.090181409079700792,-0.027692276723298648,-0.0034548631137093925,0.0085983029290609397,0.014928238439211147,1.0751750000000015,1.3511587804878051,1.2764214285714286,1.2444855248618789,4,0
2,0,2,-0.042089369258922052,-0.022975686539883047,-0.090181409079700792,-0.027692276723298648,-0.0034548631137093925,0.0085983029290609397,0.014928238439211147,1.0751750000000015,1.3511587804878051,1.2764214285714286,1.2444855248618789,4,0
0,0,0,0.016376562267352904,0.018550911186096978,0.0083002911508645565,0.025503093313447425,0.044449360321498377,0.072904693101143309,0.053117594029684315,0.3745750000000001,0.37547829268292721,0.37775714285714301,0.47392632596685091,4,1
3,2,0,0.29806701757823512,0.25743266172402102,0.23622931074455875,0.23432034847120409,0.30190892768347122,0.2944373803775519,0.2793779214794116,0.04970000000000141,-0.31305317073170646,0.016328571428571439,0.081064060773480828,4,1
3,1,3,-0.0031912564232770813,0.013437409710742804,0.025316152404866836,0.037969893808486511,0.035999786954858684,0.0078332179311449146,0.018628809193957711,0.20300000000000029,-0.022600243902438855,-0.013278571428571442,0.052712209944751405,4,0
6,3,1,-0.040926193397657198,-0.051473913763842416,-0.047284503114669203,-0.011466359279257387,0.063112619010574827,0.041042703874262211,0.004190804881055098,0.54034999999999922,-0.046825121951219621,-0.075828571428571578,0.10840941988950271,1,1
3,1,5,-0.0050461850583062157,0.029592036437391118,0.15696849134311644,0.14965928957406235,0.16151418292028169,0.16609573514150708,0.18596679987703657,0.8340500000000004,0.45738902439024376,0.27882857142857148,0.20823953038674042,1,0
3,1,3,0.010430533014825201,0.033604118672996439,0.041168733558812488,0.050540096027604467,0.080721052811218538,0.083293418441657469,0.087689854005643442,0.35667500000000008,0.17284585365853669,-0.047992857142857205,-0.0047813535911601134,4,0
6,0,4,0.021608566137992093,-0.0080878406195119511,0.016056968072896867,-0.00050935212510120156,-0.048266447993439938,-0.052629221312495394,-0.049876954870141307,-0.34197500000000058,-0.090690000000000159,-0.050928571428571497,-0.048054944751381279,0,1
2,2,5,-0.0097389511797080497,-0.028655495678830308,-0.032964267740311998,0.10104501460081917,0.088474848305487824,0.070527060134425765,0.063066769277691739,0.68282499999999935,0.24506878048780475,0.23860714285714277,0.18082209944751368,2,0
7,0,3,0.040700565042417286,0.038459978345590576,0.030533760225914537,0.06399677746269955,0.075181800266845039,0.084162108808745889,0.082768874400567391,0.25640000000000018,0.14475219512195142,0.15089285714285719,0.24437486187845317,4,1
0,0,1,-0.0031912564232770813,0.013437409710742804,0.025316152404866836,0.037969893808486511,0.035999786954858684,0.0078332179311449146,0.018628809193957711,0.20300000000000029,-0.022600243902438855,-0.013278571428571442,0.052712209944751405,4,0
5,2,3,-0.014145179897818211,-0.038216948964599526,-0.039234364961563038,-0.0049445317608726959,-0.0016517130047940315,-0.032568930132952596,-0.022125515087628219,0.055049999999999599,0.04398829268292663,-0.01094285714285727,0.026967569060773532,4,1
4,1,5,0.0056138193529497475,-0.039329419056590667,-0.048683236013762281,-0.074687734717563112,-0.082145487468426523,-0.083124580893439118,-0.04525025990560002,-4.082099999999997,-0.037483414634145097,0.36309285714285772,0.29192941988950244,1,1
2,0,3,0.0077623809212713354,-0.011999171568143868,-0.0047972641419692348,-0.020958465269590075,0.030634996961713692,0.011713639151168066,-0.0019811004434453642,1.1634749999999983,0.38413048780487646,1.0193714285714282,0.63155621546961271,3,1
6,0,0,0.0077623809212713354,-0.011999171568143868,-0.0047972641419692348,-0.020958465269590075,0.030634996961713692,0.011713639151168066,-0.0019811004434453642,1.1634749999999983,0.38413048780487646,1.0193714285714282,0.63155621546961271,3,1
2,1,2,-0.015096290513231974,0.0064147237063573682,-0.061838848587422481,-0.076865566330883803,-0.088864465789802602,-0.080258607084180394,-0.084388297120441297,-4.0600000000000023,-1.2903560975609754,-0.31886428571428588,-0.30643162983425443,4,0
4,2,4,-0.0050496724574120733,-0.0093232718659473635,0.0096891200910685336,0.0064073661421283458,0.0012010742942298053,0.0084676068065705854,0.012046228890527219,0.16947499999999849,-0.026981463414633793,0.5041000000000001,0.58296740331491737,0,0
3,3,0,0.025893162616193632,0.023598288836575231,0.03510153811948781,0.021166281138661539,0.042941222851778094,0.067001899822080047,0.11169725184999577,0.56377499999999969,1.1067970731707331,2.4594071428571431,1.7835829005524868,4,1
3,2,3,-0.014453313692386383,-0.047380826430343824,-0.013780834411883996,-0.049885060499673929,-0.060261740742719311,-0.087201116275537824,-0.093497424321170225,-1.7836250000000007,-0.6465468292682941,-0.20812142857142898,0.12206320441988942,4,1
0,6,5,-0.028062266215840907,0.00019676630886186918,0.0098514200600389769,-0.083784851103297447,-0.085186833142511922,-0.052427219025815007,-0.052603826669426368,-1.6247250000000015,-0.43089512195122104,-0.9079357142857144,-0.30595919889502798,1,0
5,1,0,0.010638568507547724,0.029936914651140317,0.053171465591230489,0.056259246970483345,0.055675074183976297,0.064503703654082228,0.066703996992689918,2.0123499999999979,1.4894843902439003,0.22042857142857031,0.97392527624309322,2,1
